DEP,ESTE,NORTE,X9,X8,X7,X6,X5,X4,X3
"1",256779.36610000001,912654.01879999996,-0.34688,1.51520,3.72779,1.24447,0.08752,120.23405,306.29037
"1",256203.09830000001,910460.29570000002,-0.43932,1.51761,3.73930,1.21160,0.06099,93.79191,209.29300
"1",177259.97260000001,932243.78009999997,0.46785,2.39152,4.67068,1.81551,0.94984,96.66655,90.51536
"1",257415.56980000000,876142.03350000002,0.04584,2.01496,3.74002,1.14375,0.97614,150.54202,324.41174
"1",258778.95890000000,875095.56310000003,0.02025,2.10293,3.76235,1.18709,0.65728,92.90823,357.05933
"1",253457.18210000001,880206.84479999996,-0.05980,1.90567,3.75799,1.37599,0.44640,51.06094,-5.01460
"1",250112.16469999999,880962.52200000000,0.18815,1.74931,3.84498,1.19617,0.16971,25.88007,-36.47198
"1",253998.04879999999,880215.37390000001,-0.02968,1.93200,3.85699,1.22685,0.45601,29.16034,11.88797
"1",247225.37049999999,883649.15179999999,-0.09495,1.76498,3.90588,1.12422,-0.03998,36.75370,39.17264
"1",251217.73569999999,880747.48719999997,0.46054,1.73144,3.79165,1.24537,0.34266,53.34557,-39.77266
"1",252389.84539999999,880449.52300000004,0.21357,1.80562,3.78360,1.28915,0.37543,74.91349,15.78619
"1",186277.25469999999,888680.66029999999,-0.27337,1.76151,4.24033,1.07841,0.06262,114.60730,-56.79264
"1",278160.53690000001,891446.44960000005,-0.61104,1.49796,3.60668,1.18424,-0.26812,49.47483,381.94989
"1",221682.08880000000,905515.09210000001,-0.01175,1.88376,4.23162,1.21559,0.01743,26.02646,-5.89549
"1",226487.57870000001,895672.42940000002,0.09599,2.39290,4.57353,1.44543,0.25657,171.35136,561.80682
"1",282436.70580000000,878753.03890000004,-0.28739,1.48438,3.48091,1.01576,-0.54155,27.85505,185.89287
"1",282724.60369999998,879180.95449999999,-0.35074,1.71796,3.43853,1.30130,-0.16835,102.43624,178.84854
"1",282104.58100000001,879222.13690000004,-0.33795,1.61968,3.58526,1.15589,-0.09502,60.70063,171.38264
"1",282126.78360000002,879555.93090000004,-0.33795,1.61968,3.58526,1.15589,-0.09502,60.70063,171.38264
"1",283042.08230000001,878489.38690000004,-0.35074,1.71796,3.43853,1.30130,-0.16835,102.43624,178.84854
"1",282637.73300000001,879521.98470000003,-0.33795,1.61968,3.58526,1.15589,-0.09502,60.70063,171.38264
"1",281596.57089999999,882496.99520000000,-0.39713,1.63280,3.73066,1.19192,0.19890,10.08838,207.11281
"1",280125.62540000002,881385.09080000001,-0.44232,1.60188,3.74937,1.13687,0.46426,54.11197,228.03062
"1",283758.55619999999,877548.00879999995,-0.35136,1.59784,3.45626,1.15734,-0.24437,93.30125,197.76283
"1",282931.27960000001,879167.25309999997,-0.35074,1.71796,3.43853,1.30130,-0.16835,102.43624,178.84854
"1",256960.06240000000,911633.83080000000,-0.34688,1.51520,3.72779,1.24447,0.08752,120.23405,306.29037
"1",235963.42210000000,892199.19169999997,-0.31983,1.75554,4.11973,1.16864,0.16019,43.22707,246.87483
"1",277544.15820000001,888470.40670000005,-0.66562,1.46513,3.58799,1.15827,-0.24269,73.64441,313.11310
"1",276971.00990000000,885379.76040000003,-0.47225,1.51883,3.59148,1.09569,-0.06387,92.75813,216.11287
"1",256919.56159999999,910406.54079999996,-0.37583,1.51353,3.73218,1.22381,0.04678,112.29831,212.53781
"1",256892.23319999999,911415.21759999997,-0.37583,1.51353,3.73218,1.22381,0.04678,112.29831,212.53781
"1",256327.45920000001,912799.79989999998,-0.36133,1.51004,3.71220,1.21462,0.11351,146.94756,450.15530
"1",284061.02409999998,878198.57380000001,-0.36444,1.73984,3.46840,1.31941,-0.06212,76.84056,383.85522
"1",280678.88829999999,877305.61690000002,-0.41954,1.52618,3.50946,1.06976,-0.00894,39.33306,122.00092
"1",284532.21299999999,880626.09400000004,-0.27947,1.76278,3.76381,1.26514,0.20195,3.38824,170.23898
"1",253725.54259999999,854341.63600000006,0.12534,2.41451,4.18569,1.32173,0.93320,131.14989,125.74643
"1",256124.85730000000,852267.54440000001,-0.16386,2.20391,3.84063,1.11970,0.42570,161.40422,162.44849
"1",256171.90950000001,853542.93729999999,-0.07025,2.22126,3.85380,1.12825,0.46665,73.31139,106.41254
"1",253527.29579999999,853502.30740000005,-0.26189,2.12614,3.82246,1.07541,0.30673,166.71487,192.74297
"1",259806.36970000001,869812.46180000005,-0.12120,1.74244,3.86290,1.11191,0.13408,64.91723,237.33127
"1",242081.67679999999,886443.33389999997,-0.24642,1.76610,4.23274,1.22587,0.20569,33.06186,5.54320
"1",254715.85999999999,877021.62009999994,0.03885,1.67477,3.69803,1.12130,0.36882,42.31257,32.31245
"1",221060.89170000001,917583.40090000001,-0.00432,2.48917,4.60614,1.35093,0.79176,57.06743,-9.78233
"1",207989.08510000000,883869.24919999996,-0.29186,1.80733,4.31566,1.19276,-0.26799,8.75190,-7.04969
"1",218333.23190000001,846499.33779999998,-0.48951,1.85595,3.94747,1.09149,0.31871,36.82460,44.32802
"1",168418.54250000001,935321.36410000001,0.13378,2.18348,4.50211,1.26751,0.68118,41.11683,-59.96567
"1",174058.45280000000,922133.09580000001,-0.10756,2.03599,4.22190,1.41179,0.42271,26.29745,47.41240
"1",250832.29029999999,922397.51679999998,-0.41168,1.60581,3.72165,1.14236,-0.17072,43.79684,288.81421
"1",205735.68909999999,971126.13210000005,-0.58043,1.80348,4.15173,1.20875,-0.22221,20.81561,40.24026
"1",192740.00020000001,893822.44290000002,0.18855,2.02116,4.30063,1.30436,0.26405,48.51300,55.93044
"1",250905.13140000001,917978.55110000004,-0.39301,1.65885,3.75517,1.13145,-0.22475,116.10646,168.52658
"1",248314.26770000000,922996.47919999994,-0.44631,1.52611,3.70241,1.12818,-0.31364,94.42793,259.66388
"1",245854.04970000000,926855.63679999998,-0.41440,1.60033,3.65519,1.27891,0.24892,129.24086,425.71243
"1",266139.65240000002,897771.16029999999,-0.37779,1.64274,3.81995,1.21699,0.02062,117.79256,33.07111
"1",282123.29599999997,886509.90610000002,-0.79368,1.34286,3.44443,1.07929,0.07417,63.65436,61.70845
"1",273917.60149999999,883310.26549999998,-0.50833,1.37017,3.53837,0.84394,-0.31650,23.41841,66.35197
"1",284795.71200000000,877268.53929999995,-0.38581,1.63780,3.46080,1.20123,-0.11322,69.53127,301.86786
"1",258860.09539999999,910820.95730000001,-0.31488,1.50775,3.74606,1.22581,0.07349,56.98499,221.00476
"1",255921.53909999999,933164.58340000000,-0.27422,1.66730,3.77415,1.13736,-0.03047,42.73356,93.23173
"1",220659.89550000001,908600.59180000005,-0.00685,2.40175,4.89722,1.13182,0.40697,25.47460,-27.29643
"1",227213.54480000000,892064.08620000002,-0.12017,1.99598,4.26834,1.31362,0.19918,290.03470,564.57599
"1",250532.78000000000,876715.53949999996,-0.26669,1.54148,3.69378,1.03100,-0.07137,61.39100,225.86507
"1",250312.51360000001,871918.16899999999,-0.10580,1.80171,3.95994,1.07337,-0.22516,33.36367,72.91009
"1",222522.98790000001,932074.51699999999,-0.55751,1.40526,3.45813,0.95909,0.15806,19.38558,123.02969
"1",254656.80979999999,917784.88890000002,-0.47925,1.51568,3.70922,1.11157,0.08136,293.56653,600.37720
"1",224551.58360000001,942629.74029999995,0.10789,1.99963,4.00619,1.49696,0.22998,44.58880,125.07922
"1",293540.42530000000,873696.15709999995,-0.44628,1.79727,3.71406,1.13869,0.08339,75.44848,223.17296
"1",172008.15580000001,886440.31129999994,0.20554,2.19965,5.08259,1.17325,0.33013,4.20664,-33.93385
"1",193530.26879999999,920571.99939999997,0.79553,2.70009,4.44208,1.81013,0.71741,86.20273,618.58960
"1",181916.43229999999,932029.70550000004,-0.03214,1.91966,4.32704,1.33579,0.52510,34.09013,123.61854
"1",173605.38740000001,928968.12100000004,0.32152,2.06546,4.16547,1.46307,0.45667,36.92971,40.86984
"1",173356.28010000000,924104.17929999996,-0.05601,1.96870,4.17227,1.33655,0.29558,28.31163,41.78168
"1",168017.90839999999,927544.61640000006,0.04301,1.98705,4.26096,1.27071,0.34747,12.50384,55.82356
"1",170078.33780000001,932876.85869999998,0.13594,2.36738,4.73827,1.37889,0.69314,84.13125,72.07878
"1",194990.97420000000,953021.57310000004,0.45913,2.08160,4.23576,1.28096,0.16317,100.78758,134.21245
"1",185858.00289999999,907642.93149999995,0.14952,2.22272,4.34544,1.25908,0.40772,7.05890,2.16493
"1",159352.08249999999,928323.24159999995,-0.15454,1.72587,4.05596,1.16045,-0.06838,8.84217,79.76988
"1",256779.36610000001,912654.01879999996,-0.34688,1.51520,3.72779,1.24447,0.08752,120.23405,306.29037
"1",256203.09830000001,910460.29570000002,-0.43932,1.51761,3.73930,1.21160,0.06099,93.79191,209.29300
"1",177259.97260000001,932243.78009999997,0.46785,2.39152,4.67068,1.81551,0.94984,96.66655,90.51536
"1",253457.18210000001,880206.84479999996,-0.05980,1.90567,3.75799,1.37599,0.44640,51.06094,-5.01460
"1",250112.16469999999,880962.52200000000,0.18815,1.74931,3.84498,1.19617,0.16971,25.88007,-36.47198
"1",186277.25469999999,888680.66029999999,-0.27337,1.76151,4.24033,1.07841,0.06262,114.60730,-56.79264
"1",282724.60369999998,879180.95449999999,-0.35074,1.71796,3.43853,1.30130,-0.16835,102.43624,178.84854
"1",283042.08230000001,878489.38690000004,-0.35074,1.71796,3.43853,1.30130,-0.16835,102.43624,178.84854
"1",282637.73300000001,879521.98470000003,-0.33795,1.61968,3.58526,1.15589,-0.09502,60.70063,171.38264
"1",283758.55619999999,877548.00879999995,-0.35136,1.59784,3.45626,1.15734,-0.24437,93.30125,197.76283
"1",283389.13170000003,878242.91929999995,-0.35074,1.71796,3.43853,1.30130,-0.16835,102.43624,178.84854
"1",256960.06240000000,911633.83080000000,-0.34688,1.51520,3.72779,1.24447,0.08752,120.23405,306.29037
"1",256919.56159999999,910406.54079999996,-0.37583,1.51353,3.73218,1.22381,0.04678,112.29831,212.53781
"1",256892.23319999999,911415.21759999997,-0.37583,1.51353,3.73218,1.22381,0.04678,112.29831,212.53781
"1",256327.45920000001,912799.79989999998,-0.36133,1.51004,3.71220,1.21462,0.11351,146.94756,450.15530
"1",280678.88829999999,877305.61690000002,-0.41954,1.52618,3.50946,1.06976,-0.00894,39.33306,122.00092
"1",284532.21299999999,880626.09400000004,-0.27947,1.76278,3.76381,1.26514,0.20195,3.38824,170.23898
"0",281000.51520000002,933673.98019999999,0.24396,2.37436,4.96542,1.42318,0.20228,43.85196,24.18472
"0",282117.13150000002,932424.43339999998,-0.21779,1.89987,3.98524,1.23993,0.11054,53.98660,39.42781
"0",279697.79609999998,932597.24300000002,0.01834,2.15966,4.47261,1.35016,0.21260,19.00020,-23.65788
"0",280907.46380000003,931334.40319999994,-0.10080,1.99978,4.03338,1.32595,0.28413,26.76652,-32.69651
"0",250912.20050000001,955349.64520000003,-0.30664,1.64892,3.84117,1.03529,-0.00194,52.66629,-47.18128
"0",253464.46640000000,955402.81740000006,-0.34093,1.69903,3.91679,1.04920,0.09279,10.16447,-33.63964
"0",252307.97089999999,956506.14069999999,-0.32616,1.65763,3.84883,1.02061,0.15818,15.78313,-6.90844
"0",254488.03130000000,957787.59080000001,-0.33761,1.72162,3.88377,0.97751,0.09244,10.64137,-3.38199
"0",253331.53589999999,957800.88390000002,-0.33528,1.67897,3.88196,1.00075,0.13329,12.55278,-14.62376
"0",253331.53589999999,956631.09530000004,-0.31376,1.69562,3.88739,1.03127,0.11159,10.79384,-24.74448
"0",279750.54900000000,915848.17310000001,-0.46597,1.50211,3.41058,1.04778,0.15221,30.80441,-67.33571
"0",282103.41899999999,915688.65639999998,-0.45508,1.52619,3.50171,1.12345,0.06801,17.03311,-83.10673
"0",280840.57919999998,914572.04009999998,-0.44958,1.56096,3.54656,1.10845,0.10229,6.07230,-43.34116
"0",280960.21659999999,916964.78940000001,-0.45005,1.53452,3.48884,1.11514,0.11250,64.75625,-33.97177
"0",280813.51010000001,937323.58380000002,-0.02768,2.05970,4.24529,1.24351,0.05287,28.35398,13.89861
"0",282102.93599999999,936020.86470000003,-0.05690,2.07714,4.27335,1.24287,0.04587,28.65213,-22.75061
"0",283272.72460000002,937350.16989999998,-0.17130,1.97116,3.96652,1.12373,-0.11990,23.09264,-5.83127
"0",282009.88470000000,938413.61399999994,-0.14387,1.98216,3.97727,1.14247,-0.14046,42.86995,84.04925
"0",160926.58559999999,962555.83680000005,-0.27700,1.83190,4.08808,1.40488,0.26315,16.59399,11.89861
"0",162069.78800000000,963725.62529999996,-0.18450,1.77487,3.97976,1.33891,-0.05276,10.96312,9.28896
"0",160860.12030000001,964975.17209999997,-0.41335,1.76731,4.07349,1.41747,0.14566,14.62592,4.85993
"0",159557.40130000000,963738.91839999997,-0.67433,1.74416,3.96905,1.47130,0.59122,11.11628,-1.09132
"0",223446.48929999999,847298.82960000006,-0.59499,1.72132,3.55637,0.95089,-0.00265,245.67554,-14.56183
"0",222183.64939999999,846115.74809999997,-0.61817,1.72659,3.72069,0.99117,0.05210,55.33199,-11.80285
"0",224642.86390000000,846009.40359999996,-0.79590,1.52654,3.52724,0.87360,0.00985,85.36406,73.22563
"0",224483.34729999999,847099.43389999995,-0.75632,1.55213,3.49681,0.87383,-0.03262,311.10907,133.98726
"0",164535.01730000001,964837.19519999996,-0.30553,1.76319,4.16872,1.41726,-0.01390,23.22250,74.44873
"0",165811.15020000000,963773.75109999999,-0.27596,1.73013,4.13780,1.40326,0.00801,17.82250,55.89470
"0",164521.72430000000,962484.32510000002,-0.20870,1.75604,4.05724,1.40349,0.07991,20.91948,17.94408
"0",163312.05660000001,963760.45799999998,-0.19264,1.77221,4.00525,1.34977,-0.04958,25.33038,9.73872
"0",300301.11580000003,864039.76859999995,-0.24342,1.87301,3.87898,1.17743,0.10139,36.55014,259.61072
"0",298945.22460000002,862816.80790000001,-0.22806,1.89604,3.89240,1.18547,0.12920,101.21678,147.80811
"0",300194.77140000003,861620.43330000003,-0.21339,1.91984,3.91506,1.19446,0.11730,73.72364,111.83688
"0",298905.34539999999,861740.07070000004,-0.21889,1.87383,3.87923,1.19441,0.13198,74.20349,99.76059
"0",298931.10729999997,921736.84620000003,-0.26118,1.76387,3.69002,1.25013,-0.12461,15.37174,20.93499
"0",300167.36109999998,922906.63470000005,-0.19205,1.77854,3.71027,1.24563,-0.08673,10.59313,15.17168
"0",298877.93510000000,924169.47459999996,-0.21865,1.81450,3.73566,1.25058,-0.06049,9.53368,4.11357
"0",297641.68130000000,923039.56519999995,-0.26730,1.83265,3.74991,1.27428,-0.06893,23.61519,2.71402
"0",193397.65609999999,961368.30530000001,-0.32268,1.69069,4.10125,0.98210,0.12551,22.19764,158.45581
"0",192387.29170000000,960310.74210000003,-0.29269,1.71715,4.03913,0.98602,0.11219,59.92773,36.62315
"0",193277.92619999999,960161.85990000004,-0.25789,1.67522,3.84265,1.00343,0.03683,79.54185,52.26852
"0",194567.35209999999,958872.43389999995,-0.19586,1.69090,3.72970,1.03785,-0.00603,54.44864,23.56334
"0",193251.34010000000,958832.55480000004,-0.22317,1.63849,3.60523,0.99599,-0.07259,32.67751,7.95661
"0",189755.26759999999,961610.80249999999,-0.21616,1.85431,4.36729,1.16158,0.20062,20.39563,51.08318
"0",190964.93520000001,960321.37650000001,-0.25748,1.75904,4.14969,1.04783,0.15179,19.56391,35.84150
"0",190938.34909999999,962571.89009999996,-0.28464,1.76974,4.26697,1.08730,0.16093,19.28314,74.94643
"0",192134.72370000000,962571.89009999996,-0.33780,1.68618,4.20177,1.01559,0.13549,20.27691,90.44656
"0",195750.43369999999,962611.76930000004,-0.30018,1.69413,4.12197,1.12387,0.09933,17.61127,61.83418
"0",197026.56659999999,961375.51549999998,-0.10957,1.75982,3.95245,1.20120,0.28478,27.79296,56.18064
"0",195761.65190000000,960227.74479999999,-0.17532,1.73696,3.97266,1.12607,0.19899,25.16431,118.34167
"0",196960.10140000001,962598.47620000003,-0.27793,1.71826,4.03793,1.15661,0.09941,39.92443,51.74128
"0",194387.14610000001,962633.04920000001,-0.32662,1.65241,4.21665,1.08500,0.12699,22.34199,77.24368
"0",192153.27330000000,961430.12450000003,-0.37459,1.69946,4.06299,0.85037,0.11455,57.95437,121.20432
"0",196998.46530000001,960256.03359999997,-0.08964,1.76683,3.94779,1.20322,0.30915,34.66324,94.40109
"0",199346.64710000000,960107.20519999997,-0.22193,1.69985,3.99782,1.16137,0.25959,3.23223,49.31241
"0",198073.33720000001,958979.41650000005,-0.14275,1.76433,4.02995,1.17002,0.32555,17.83598,76.51205
"0",200537.27450000000,958929.80700000003,-0.24965,1.70390,4.00192,1.16501,0.21983,31.21474,56.31937
"0",199330.11060000001,957739.17969999998,-0.16095,1.78863,4.06535,1.17452,0.33143,13.71721,62.28765
"0",204175.30260000000,960170.04390000005,-0.39866,1.67133,3.93870,1.17470,-0.00519,449.58929,112.07044
"0",204076.08360000001,962471.92350000003,-0.48221,1.64153,3.88225,1.15853,0.02212,431.82480,-94.40422
"0",205349.39350000001,961330.90560000006,-0.45648,1.66432,3.90002,1.16785,-0.04169,391.91925,359.04352
"0",202901.99270000000,961363.97860000003,-0.38338,1.64545,3.95368,1.16445,0.08026,122.12960,607.79688
"0",229356.50790000000,850914.08050000004,-0.67531,1.70741,3.54355,0.97038,0.26279,14.61074,43.35273
"0",228067.08189999999,852176.92039999994,-0.64487,1.76263,3.64690,0.99816,0.36281,26.09390,39.04980
"0",229276.74960000001,853439.76029999997,-0.65560,1.70417,3.64061,0.98891,0.30988,47.51262,100.07259
"0",230552.88250000001,852216.79960000003,-0.65303,1.71082,3.53985,0.97289,0.28702,21.35366,-2.07785
"0",254482.31120000000,924165.14040000003,-0.43780,1.58032,3.73568,1.14321,-0.00518,785.48163,990.54462
"0",253259.35050000000,925334.92890000006,-0.41995,1.58200,3.69965,1.14910,-0.04138,19.00374,344.91385
"0",254535.48340000000,926531.30359999998,-0.41508,1.58077,3.70841,1.15092,-0.03305,193.25227,228.26408
"0",255705.27189999999,925334.92890000006,-0.43199,1.56456,3.72105,1.13566,-0.04109,689.64172,338.66193
"0",298899.12689999997,876201.90980000002,-0.44138,1.73871,3.74522,1.18699,0.10270,68.63947,13.03646
"0",298939.00599999999,873809.16059999994,-0.42621,1.74747,3.74995,1.16035,0.10691,40.41246,120.19794
"0",300175.25980000000,874965.65599999996,-0.42013,1.74473,3.75921,1.17260,0.13117,69.37637,19.24726
"0",297649.58010000002,875018.82819999999,-0.42814,1.74310,3.72521,1.17158,0.05164,84.15784,185.59787
"0",163306.31800000000,955337.96369999996,-0.11725,1.93210,4.18493,1.38054,0.46515,34.27108,30.75857
"0",164462.81340000001,956614.09660000005,-0.13313,1.92159,4.18327,1.38860,0.43354,24.81094,42.69357
"0",162030.18500000000,956587.51049999997,-0.14907,1.84460,4.08998,1.33738,0.42049,33.77847,32.80077
"0",163279.73190000001,957810.47120000003,-0.13733,1.90246,4.20636,1.41405,0.34095,33.63845,403.28934
"0",208890.03930000000,863037.93010000000,-0.27038,1.73350,3.79014,1.00397,-0.32514,11.15564,-19.27668
"0",210033.04160000000,861831.42770000000,-0.32049,1.76992,3.85191,1.08926,-0.30938,8.73046,-20.50871
"0",207747.03709999999,861815.55270000000,-0.41447,1.67337,3.73473,1.06971,-0.33451,11.60721,-18.49175
"0",210001.29160000000,864022.18209999998,-0.27417,1.79991,3.88995,1.11527,-0.18286,30.56681,5.85801
"0",170476.87700000001,871378.34010000003,0.03277,1.92169,4.12859,1.21493,0.23775,54.55891,5.46837
"0",171646.66550000000,872641.18000000005,0.00279,1.93174,4.03938,1.13959,0.18466,42.87687,14.76622
"0",173055.72899999999,871404.92619999999,-0.09864,1.80066,3.86907,1.08980,0.16074,19.22488,37.54289
"0",171806.18220000001,870208.55160000001,0.02797,1.85544,4.03180,1.17917,0.21617,22.10382,85.21720
"0",199289.41050000000,860585.61739999999,-0.45415,1.70206,3.80808,1.10471,-0.16008,30.53610,6.40021
"0",196816.90299999999,860532.44519999996,-0.50643,1.62041,3.59406,0.96162,-0.25740,34.82643,2.25335
"0",198053.15680000000,861888.33640000003,-0.46929,1.63430,3.73830,1.04887,-0.28586,3.54466,29.21098
"0",198159.50120000000,859282.89830000000,-0.47145,1.64549,3.62584,1.00598,-0.14649,29.59428,-26.07888
"0",252120.54980000001,969735.53899999999,-0.35329,1.68046,3.57073,0.95987,0.06160,27.09458,-10.77933
"0",253303.63140000001,970918.62060000002,-0.37353,1.71954,3.63434,0.98506,0.05525,27.89334,-29.78688
"0",250804.53769999999,971011.67200000002,-0.39811,1.75467,3.72499,0.98632,0.11791,38.31358,-36.90261
"0",252093.96369999999,972128.28830000001,-0.35973,1.80426,3.81152,1.04562,0.07090,15.74927,-78.11621
"0",160867.23590000000,897726.02910000004,-0.32198,1.87702,4.18569,1.26465,0.20914,13.58440,-0.38621
"0",162050.31750000000,896516.36140000005,-0.12253,1.87470,4.22100,1.20841,0.42475,37.16978,-41.29803
"0",160853.94289999999,895333.27980000002,-0.16265,1.83145,4.16819,1.20879,0.40208,30.99570,-22.80543
"0",159604.39610000001,896516.36140000005,-0.30130,1.85489,4.20703,1.25765,0.18180,13.46655,0.93473
"0",176517.81839999999,905027.01100000006,0.03909,1.97351,4.43219,1.25790,-0.03303,3.40706,-32.93694
"0",175268.27160000001,903804.05030000000,0.05717,2.00668,4.58887,1.26807,0.00580,10.85494,-27.74405
"0",176451.35310000001,902554.50349999999,0.09726,2.05492,4.69783,1.29197,0.09421,6.83604,-43.97468
"0",177687.60690000001,903830.63639999996,0.02541,2.00544,4.44731,1.29475,0.03177,14.06087,-19.23404
"0",290487.25339999999,923061.91350000002,-0.17420,1.86660,3.67931,1.42477,0.05937,43.77874,55.59854
"0",289264.29259999999,921759.19440000004,-0.26393,1.76828,3.68132,1.35830,0.05054,25.80842,27.30614
"0",290473.96029999998,920536.23369999998,-0.23886,1.78914,3.65809,1.38910,0.01736,39.44787,-27.44506
"0",291683.62800000003,921706.02220000001,-0.07298,1.95986,3.68927,1.56838,0.06781,58.99788,21.13674
"0",292861.61139999999,949391.21120000002,-0.33900,1.82849,3.58572,0.84818,-0.24997,18.53325,-6.05847
"0",294084.57209999999,950547.70669999998,-0.37533,1.74868,3.61428,0.91143,-0.27749,11.13205,23.83579
"0",295294.23979999998,949377.91810000001,-0.39128,1.64219,3.50762,0.93997,-0.28739,10.63574,26.79338
"0",294137.74430000002,948314.47400000005,-0.37378,1.68339,3.55768,0.90734,-0.27631,21.11490,1.78017
"0",260495.20379999999,967325.89960000000,-0.27733,2.05137,4.06915,1.03427,-0.02797,13.53115,117.63541
"0",259245.65690000000,966156.11109999998,-0.30759,1.99408,3.96745,1.00687,0.03301,21.50484,92.74905
"0",260508.49679999999,964906.56429999997,-0.31490,1.92145,3.82109,0.99303,0.07489,24.21770,65.94781
"0",261718.16450000001,966249.16249999998,-0.24524,2.07417,4.10704,1.06468,-0.10025,32.00773,90.64301
"0",204056.37880000001,897716.07960000006,-0.31526,1.92604,4.44124,1.27916,-0.06929,134.92079,187.84299
"0",201738.62409999999,896620.70239999995,-0.37263,1.65848,4.27795,1.21616,-0.02111,76.59124,24.83357
"0",202865.75140000001,898938.45710000000,-0.34878,1.77747,4.35368,1.22875,0.57128,173.98383,312.64163
"0",204118.03349999999,895500.62260000000,-0.36184,1.81579,4.30626,1.24937,0.12305,46.85096,44.85203
"0",207686.05280000000,892961.22060000000,-0.39509,1.81778,4.25472,1.23025,0.15699,55.71080,62.78279
"0",206502.97120000000,890595.05750000000,-0.35587,1.70459,4.32243,1.14457,-0.00649,21.99436,-13.63096
"0",208909.01350000000,891724.96680000005,-0.41958,1.75093,4.28713,1.22818,-0.01945,63.96827,61.72958
"0",206463.09210000001,891791.43209999998,-0.41137,1.67845,4.26091,1.12760,0.01864,22.25256,-15.20631
"0",231657.69430000000,942195.68649999995,-0.27154,1.87462,3.96009,1.19309,-0.07179,396.29584,437.51828
"0",232901.23840000000,941097.66339999996,-0.31347,1.81717,3.92325,1.24102,-0.08123,236.32922,243.41826
"0",234105.09500000000,943386.31380000000,-0.28583,1.85629,3.95719,1.17294,-0.05392,89.47050,365.47797
"0",232861.55080000000,944563.71200000006,-0.27036,1.89769,3.99752,1.11889,-0.05356,340.17422,374.73914
"0",242488.21130000000,937427.99820000003,-0.36247,1.62720,3.87343,1.28530,-0.04498,41.54187,-70.16463
"0",243675.05340000000,939707.60349999997,-0.37597,1.63517,3.82730,1.25892,-0.05287,33.68017,53.45820
"0",242394.13230000000,939758.26139999996,-0.36460,1.65637,3.86876,1.28862,-0.06598,15.68576,18.05197
"0",244854.65870000000,938593.12980000000,-0.35553,1.63969,3.83401,1.23944,-0.05645,54.62181,51.98186
"0",236506.81730000000,937392.27419999999,-0.40701,1.73883,3.87347,1.37883,-0.04266,54.19196,-52.70052
"0",235327.21200000000,939715.30050000001,-0.34595,1.78008,3.93716,1.33562,-0.04759,134.63936,68.17385
"0",238685.10680000001,938571.87950000004,-0.36214,1.67092,3.90888,1.31196,-0.05268,17.84537,-56.27456
"0",237635.76470000000,939852.80050000001,-0.38315,1.72280,3.91413,1.33029,-0.08861,84.85808,28.65482
"0",286828.36690000002,961375.41110000003,-0.03614,1.96556,4.21708,1.05734,0.03419,39.49332,47.60231
"0",288080.34060000000,962634.62159999995,0.07677,2.30554,4.99075,1.35564,0.48113,26.26205,78.96339
"0",288058.63000000000,960130.67429999996,-0.09144,1.96000,4.12824,1.02594,0.07155,40.43497,49.58744
"0",289310.60369999998,961382.64800000004,-0.14345,2.04583,4.24863,1.08447,0.20126,25.78631,65.86055
"0",244869.92619999999,904992.40209999995,-0.45979,1.54291,3.90551,1.22564,0.05532,35.00915,-247.29237
"0",244877.16310000001,902582.53370000003,-0.50425,1.41575,3.82969,1.27296,-0.10843,251.87735,110.76142
"0",246143.61040000001,904920.03370000003,-0.52640,1.50614,3.85464,1.21039,0.03315,93.59531,-214.68726
"0",243675.84729999999,903776.61259999999,-0.42988,1.56583,3.94262,1.25482,0.05052,239.44466,-166.25400
"0",250859.47750000001,895373.63780000003,-0.46302,1.35667,3.76902,1.16251,-0.12220,249.81441,-230.83611
"0",252082.50380000001,896640.08519999997,-0.48524,1.36968,3.77677,1.17651,-0.15941,153.30209,-36.23153
"0",250837.76699999999,897790.74300000002,-0.50539,1.37101,3.78906,1.22758,-0.20653,121.81747,-38.10812
"0",249629.21429999999,896589.42729999998,-0.50829,1.34469,3.77540,1.21663,-0.18248,184.54994,75.75132
"0",288049.09220000001,859370.40500000003,-0.76729,1.62459,3.81913,1.28321,0.05358,100.15445,105.60249
"0",289272.11849999998,860651.32600000000,-0.68584,1.58883,3.77357,1.21907,0.12230,53.01740,50.48901
"0",290480.67109999998,859363.16810000001,-0.67881,1.51251,3.72510,1.15102,0.25334,79.67415,11.13447
"0",288034.61849999998,858169.08920000005,-0.76986,1.53083,3.74330,1.16885,0.20881,73.08209,152.57458
"0",292854.56260000000,849771.17669999995,-0.48866,1.63659,3.75405,1.25103,0.29725,8.18167,11.24586
"0",294113.77309999999,852086.96609999996,-0.47376,1.55397,3.71139,1.19704,0.36642,60.68927,78.03857
"0",295278.90470000001,849778.41350000002,-0.44138,1.55145,3.70939,1.20695,0.24233,50.78694,79.98703
"0",292840.08889999997,851052.09770000004,-0.50088,1.58598,3.70195,1.20796,0.40196,64.97239,-15.98613
"0",271265.90000000002,853385.32929999998,-0.41832,1.47547,3.71907,1.04220,-0.04074,39.00976,-19.69014
"0",272459.97889999999,855722.82929999998,-0.56729,1.55751,3.74960,1.17184,0.00157,88.39275,-40.96218
"0",270122.47889999999,854622.82929999998,-0.44703,1.57744,3.74551,1.09975,-0.00324,13.99259,28.13901
"0",273516.55790000001,854608.35560000001,-0.50458,1.52002,3.74391,1.11662,-0.01258,95.85400,-15.95163
"0",266593.32760000002,848575.84360000002,-0.49828,1.53358,3.38906,0.97090,-0.13409,7.38632,21.18422
"0",268865.69600000000,849791.63309999998,-0.48468,1.69367,3.58839,1.09219,-0.09331,18.33970,15.63845
"0",268880.16970000003,847410.71200000006,-0.33234,1.47330,3.64457,0.94796,-0.50855,14.55654,38.87077
"0",267548.59070000000,847302.15940000000,-0.40820,1.44315,3.51641,0.93011,-0.40577,11.97898,24.35962
"0",290483.30589999998,931375.15630000003,-0.30426,1.83578,3.82208,1.19695,-0.11594,31.64156,-28.87249
"0",290439.88480000000,933864.62990000006,-0.02996,2.02843,4.27699,1.22873,-0.13926,14.77257,-33.44698
"0",289216.85849999997,932598.18259999994,-0.20504,1.87159,3.98315,1.16554,-0.07793,24.54038,-32.61046
"0",291720.80589999998,932598.18259999994,-0.22937,1.86659,3.95539,1.16340,-0.09856,4.20180,-43.53804
"0",184873.22480000000,977007.15139999997,-0.43249,1.83365,4.19525,1.19342,0.06961,36.55605,47.58437
"0",182419.93530000001,975950.57250000001,-0.39853,1.77015,4.31402,1.17916,0.01652,1.66525,-1.89751
"0",186035.09750000000,975855.26800000004,-0.50711,1.89079,4.17295,1.17548,-0.09233,27.02242,56.66097
"0",183671.90900000001,974568.33570000005,-0.40212,1.78021,4.24494,1.13695,-0.01617,7.56109,3.49139
"0",255709.28930000000,963901.73640000005,-0.34267,1.88703,3.99149,1.22747,0.20200,22.87852,8.02886
"0",256859.94720000000,966188.57849999995,-0.23748,2.02283,4.07240,1.02949,-0.03093,17.91059,69.44397
"0",255658.63140000001,967491.21010000003,-0.25931,2.14222,4.18889,0.90372,-0.29992,13.38131,51.55426
"0",254413.89460000000,964943.84169999999,-0.17713,1.90886,4.04165,1.14692,0.12108,25.57095,13.47245
"0",260466.86300000001,957821.32770000002,-0.29423,1.89780,3.89976,0.97832,0.24462,5.64446,42.69747
"0",259272.78409999999,960151.59080000001,-0.31790,1.90572,3.94569,1.00489,0.08885,20.20044,5.45407
"0",261675.41560000001,958964.74870000000,-0.19825,2.02347,3.98241,1.01047,0.20441,5.59377,34.86392
"0",258013.57350000000,958964.74870000000,-0.33118,1.83095,3.91788,0.98351,0.14451,23.28330,-4.79084
"0",246074.33700000000,897833.57739999995,-0.56606,1.26524,3.76924,1.26993,-0.17127,123.00188,55.98492
"0",247246.70540000001,901227.65630000003,-0.53039,1.36847,3.78390,1.28001,-0.22255,187.04111,-179.03305
"0",244988.81070000000,900171.07739999995,-0.57102,1.28337,3.77733,1.28165,0.00345,116.11956,72.40120
"0",248419.07380000001,900279.63000000000,-0.53540,1.37648,3.78892,1.27048,-0.21537,55.86519,-230.54462
"0",166949.83290000001,877404.19019999995,0.03006,1.92754,4.20032,1.17490,0.06224,31.48624,-24.02276
"0",164453.12239999999,877375.24280000001,-0.13582,1.86335,4.10729,1.17403,0.09900,44.47563,19.19907
"0",166899.17499999999,876116.03229999996,0.01539,1.95396,4.19763,1.15770,0.11585,40.32468,32.32157
"0",164431.41180000000,876181.16390000004,-0.19683,1.82094,3.99602,1.08970,0.00269,21.54457,14.57951
"0",183643.42170000001,866616.73919999995,-0.33066,1.45282,3.52093,0.94982,0.13248,69.24554,190.73215
"0",184873.68489999999,868997.66020000004,-0.20759,1.61816,3.79555,1.08790,0.32027,48.84254,-16.29946
"0",182434.86910000001,868961.47600000002,-0.28144,1.57175,3.69241,1.03272,0.17189,35.62602,-30.04756
"0",183694.07960000000,870285.81810000003,-0.07787,1.64321,3.83903,1.11543,0.31051,10.27970,-27.01666
"0",166921.34580000001,906186.81480000005,-0.04180,2.08702,4.34363,1.24888,0.25759,10.29576,23.77243
"0",165712.79310000001,907438.78850000002,-0.01261,2.30823,4.24402,1.25946,0.32358,11.51611,40.58688
"0",165691.08259999999,904913.13060000003,-0.02333,2.05895,4.33880,1.24295,0.24619,4.25999,14.40445
"0",164373.97730000000,906172.34109999996,0.01676,2.14570,4.31719,1.25406,0.27200,11.16646,31.09832
"0",211279.99050000001,855773.82090000005,-0.35718,1.90401,3.98564,1.17695,0.28528,276.13135,137.09692
"0",212517.49050000001,858234.34730000002,-0.25056,1.98856,4.08671,1.19654,-0.13807,108.97632,53.97807
"0",209999.06940000001,857018.55779999995,-0.34298,1.88876,3.96531,1.15840,0.13127,308.06543,37.17337
"0",213385.91149999999,855983.68940000003,-0.45119,1.69712,3.79209,1.11513,0.04419,36.63349,69.19698
"0",228080.41759999999,913371.69900000002,-0.28126,1.78187,4.15456,1.19591,-0.01150,16.29738,-40.82394
"0",228044.23340000000,915861.17270000000,-0.29824,1.75448,4.01218,1.18441,-0.05059,6.21039,-37.87099
"0",226806.73340000000,914594.72530000005,-0.21433,1.85469,4.22800,1.18572,0.02819,10.80713,-41.26742
"0",229281.73340000000,914551.30429999996,-0.30947,1.75174,4.05246,1.16937,-0.05877,26.87541,-47.23622
"0",271282.21460000001,934931.87439999997,0.10897,2.07891,4.63436,1.30903,0.07169,63.05565,11.67350
"0",269986.81980000000,936118.71649999998,-0.12867,1.86981,4.05122,1.21423,-0.03064,31.83681,81.25643
"0",272534.18819999998,936162.13749999995,-0.17401,1.80414,3.99065,1.20328,0.05999,25.05164,-28.01460
"0",271202.60930000001,937428.58490000002,-0.16681,1.83618,3.97813,1.17546,-0.04389,27.94058,-26.34834
"0",177690.97519999999,971046.42119999998,-0.36602,1.74615,4.22947,1.22750,-0.03623,79.40844,14.74247
"0",178906.76470000000,973340.50009999995,-0.32327,1.68735,4.15756,1.15825,-0.05026,15.14593,-1.15125
"0",176467.94889999999,973434.57909999997,-0.36396,1.75931,4.23513,1.28061,-0.09942,6.83585,49.01278
"0",176431.76470000000,972131.94750000001,-0.39534,1.75408,4.24430,1.28195,-0.10558,40.91356,40.75946
"0",295281.53940000001,955351.39009999996,-0.42079,1.89832,3.98814,1.06921,-0.05332,36.49897,56.39802
"0",296446.67090000003,957790.20589999994,-0.45886,1.84712,3.75106,0.98066,-0.10954,46.32227,48.08161
"0",294051.27620000002,957782.96900000004,-0.45577,1.84796,3.75066,0.95578,-0.09926,14.36375,25.09244
"0",294029.56569999998,956581.65319999994,-0.52386,1.79948,3.60313,0.91854,-0.21700,5.07116,29.51604
"0",208875.31080000001,871342.27060000005,0.07146,2.14131,4.43566,1.31202,0.23637,15.99010,-11.89267
"0",207623.33720000001,872587.00740000000,-0.01968,2.06825,4.31038,1.26868,0.12745,73.70779,3.10455
"0",206407.54770000000,870249.50740000000,-0.15108,1.93396,4.09215,1.17254,0.01755,24.28585,67.84255
"0",205488.46870000000,871414.63899999997,-0.24187,1.91131,4.12748,1.15646,-0.07573,30.69951,124.13180
"1",0.00000000000,0.00000000000,-0.18364,2.23860,4.49574,1.26306,0.20954,33.82473,24.46983
