ETIQUETA,N,E,PC1,PC2,PC3,PC4,PC5,PC6,PC7
0.00000000000,931025.73091399996,288492.57036100002,-1.02012,-0.17439,-0.16226,-0.22233,-0.06813,-0.22757,0.07461
0.00000000000,964311.30531800003,263743.76480800001,-0.26910,-0.65331,-0.74518,-1.23854,-0.02956,-0.04558,0.41562
0.00000000000,973292.55467300001,266394.87516800000,-0.41238,-0.76499,0.74260,-0.76124,0.01800,-0.19724,0.81571
0.00000000000,955304.34785500006,258976.12080700000,-0.64912,-0.66660,1.97834,-1.45564,-0.47626,0.04645,0.45384
0.00000000000,922002.13706800004,288413.09773600003,-0.24336,-0.28589,0.08575,1.28610,0.71963,-0.62248,0.20069
0.00000000000,936098.20015100006,216397.89690900000,0.29870,0.17417,-0.80780,-0.84444,0.46751,0.29639,0.29481
0.00000000000,852428.01393400005,274033.59455600003,-1.50682,-0.34880,-0.67914,0.57453,-0.14288,-0.09797,-0.42389
0.00000000000,850058.97083300003,266500.27823599998,-2.47366,-0.78092,0.44579,-0.15489,0.42438,-0.54122,0.53988
0.00000000000,856805.77325900004,200338.23166200001,-2.84375,-1.04584,-0.03136,-0.69148,-0.19180,-0.24341,0.05040
0.00000000000,936591.75617199996,206199.20663599999,1.20048,-0.03896,1.16505,-0.32411,0.07441,-0.08203,-0.33963
0.00000000000,919938.53233500000,290075.06794199999,-0.35648,-0.61676,-0.22760,1.33043,0.42081,-0.85905,0.34289
0.00000000000,966933.39760300005,239988.46670700001,-1.32835,-0.98288,0.91864,-0.75947,-0.29182,0.34544,0.12310
0.00000000000,862174.73068599997,214088.10744900000,-0.11490,-0.62097,-0.99592,0.37475,0.18588,-0.13675,0.34803
0.00000000000,953982.05361900001,273940.07133000001,-1.20267,-0.83743,-0.28765,-0.88191,0.00815,0.00058,0.43171
0.00000000000,861572.15618900000,228507.23730099999,-0.20775,-0.59801,0.78017,0.02351,0.22638,0.22867,1.06492
0.00000000000,960007.13710900000,277430.71832699998,0.32626,-0.58489,0.24722,-0.50962,0.05151,0.15102,0.36163
0.00000000000,963567.99269999994,275765.66772299999,-0.99586,-0.07526,0.35318,-0.70215,0.36823,-0.10133,0.30214
0.00000000000,905833.11101300002,167005.08820100001,2.07877,-0.44174,-0.01596,-0.30318,0.05852,0.15983,0.17444
0.00000000000,953231.53898099996,269788.84039600001,-1.30984,-0.79029,-0.55041,-0.94556,0.00548,-0.15051,0.53661
0.00000000000,866414.17657400004,223795.89260600001,0.67768,0.02292,-0.11558,0.15059,0.24510,0.15499,0.57684
0.00000000000,862063.79677699995,185418.33271399999,0.52194,-0.25332,0.77295,0.45313,0.12213,-0.20703,-0.25171
0.00000000000,947642.44692899997,174982.28119700000,2.34125,-0.52391,-0.37328,0.71468,0.18582,0.33479,-0.04576
0.00000000000,935102.57635600003,214859.42093200001,1.69541,0.01099,-1.27345,-0.87939,0.39858,0.84173,0.75589
0.00000000000,873151.58187100000,164700.87734700000,-0.60149,0.16094,-0.49100,-0.64598,0.20038,0.01915,0.17689
0.00000000000,974766.79999800003,276144.44842299999,-0.62335,-0.77946,0.05737,-0.97182,-0.18520,0.06744,0.55209
0.00000000000,940666.79473900003,185000.86032199999,3.06670,-0.50059,1.17876,1.04709,0.13377,-1.02076,-1.10704
0.00000000000,853674.03677100001,205217.34450499999,-0.88473,-0.40923,0.73879,0.20705,-0.27440,0.10669,0.43800
0.00000000000,959590.14284099999,299154.94442499999,-0.34404,-0.62429,-0.13898,-0.61659,-0.00961,0.29843,0.73317
0.00000000000,958044.59804600000,225554.28969999999,0.05827,-0.26086,0.00377,0.41271,0.19614,0.23537,0.37363
0.00000000000,957517.89489100000,164211.40763400000,1.74270,1.15082,0.09906,1.25133,-0.22273,0.01041,-0.00177
0.00000000000,848889.53885899996,269567.92259600002,-3.49759,-0.79473,-0.55309,-0.39634,0.22533,-0.79114,-0.52199
0.00000000000,905621.11044099997,216323.82853299999,2.58648,-0.97778,-3.12302,-0.97641,-0.35843,-0.69883,-0.67393
0.00000000000,914431.82948099996,159575.32673400000,2.21112,-0.33897,0.36745,0.40421,0.26629,-0.06783,-0.25652
0.00000000000,977186.18946799997,227243.69758800001,0.72079,1.21863,-0.35155,0.58672,-1.49575,0.11195,0.56029
0.00000000000,967319.65967900003,292675.87697300001,-0.84725,-0.78220,0.23249,-0.68584,-0.46996,-0.09117,0.51389
0.00000000000,861850.27557599999,200782.80233400001,-0.41852,-0.64959,-0.65668,0.45001,0.31699,0.35802,0.38327
0.00000000000,884815.87364100001,254094.80478000001,-0.35550,-0.28796,0.31173,-0.24214,-0.19149,-0.92280,-0.60081
0.00000000000,940654.81812399998,254251.32964800001,-0.16822,-0.11474,0.24446,-0.03545,-0.61503,-0.35742,-0.00370
0.00000000000,966362.74648199999,262322.38555399998,-0.13225,-0.36794,-0.77054,-1.27563,-0.00250,0.25402,0.58052
0.00000000000,950728.80095800001,195693.18650099999,2.22577,0.39208,-1.15488,-0.96931,0.06551,-1.23582,-0.74263
0.00000000000,908238.69147500000,178768.39589900000,1.96737,-0.53155,0.07534,0.02685,-0.05950,-0.14506,0.06787
0.00000000000,947564.26560200006,266629.98452800000,-1.68410,-1.00007,0.62216,-0.68203,-0.11740,-0.25850,0.22736
0.00000000000,868530.39302700001,177377.28727299999,-1.75401,-0.04892,0.21368,-0.60425,-0.00226,-0.25432,-0.50477
0.00000000000,865108.66006899998,208338.12647600000,-0.40141,-0.62904,-0.83664,-0.39600,-0.00327,-0.30433,0.17492
0.00000000000,931416.72121700004,206085.34811500000,1.29204,-0.47655,-0.07008,-0.38527,-0.31553,-0.44402,0.05921
0.00000000000,973396.94448900002,169756.79051200001,0.24758,0.87259,-1.01818,0.86875,0.63179,0.84066,-0.04510
0.00000000000,922343.94995599997,275630.10233299999,-0.90208,-0.21430,0.08875,0.77982,-0.50287,-0.64712,0.27110
0.00000000000,866181.35016100004,186078.59149399999,-1.13106,-0.05206,1.02040,0.06265,-0.17739,-0.47901,-0.33338
0.00000000000,851753.33897200006,238745.72899000000,-3.38995,-0.83192,0.92844,-0.75827,0.09967,0.60567,0.68204
0.00000000000,947371.77000500006,186080.96845200000,4.19353,0.07266,0.93088,1.42344,0.38018,-1.79907,-0.54388
0.00000000000,855316.07752299996,224085.71203000000,-0.09951,-0.50009,-0.14898,-0.04609,-0.25645,0.33155,0.57468
0.00000000000,891576.19050000003,258161.62418399999,-2.42753,-0.89690,0.09331,0.03018,0.17048,-0.25162,-0.89624
0.00000000000,850271.54992799996,265249.07255899999,-2.35290,-0.68983,0.75839,-0.25038,0.30587,-0.45332,0.30354
0.00000000000,857550.91511900001,221205.45056600001,-0.67202,3.42493,-0.67165,-0.82856,0.92506,0.50087,0.21455
0.00000000000,923838.98040100001,222435.65493500000,1.58678,-0.60756,0.30115,0.59001,0.25090,-0.05300,0.38377
0.00000000000,917920.82283800002,171443.80922500000,1.59808,-0.20858,1.27179,0.46217,0.10899,-0.03794,0.15659
0.00000000000,967117.28929300001,290308.59630899999,0.04697,-0.68946,-0.29519,-0.62926,-0.09840,-0.14851,0.39625
0.00000000000,954323.15643099998,272330.68837400002,-1.24794,-0.89856,-0.62453,-0.91170,0.04134,-0.08270,0.47453
0.00000000000,964552.84243700001,256538.46553900000,0.32590,-0.37560,-0.20684,-0.66884,0.00180,0.11071,0.47509
0.00000000000,906199.24162300001,164263.54119399999,2.31547,-0.39682,-0.02201,-0.42060,0.07462,-0.07023,0.27436
0.00000000000,918418.53800199996,290058.13643200003,-0.95953,-0.87712,-0.20943,1.27167,0.45639,-0.64552,0.21927
0.00000000000,928661.19282000000,271036.03082099999,-0.05129,-0.83296,-0.00636,0.30044,0.00722,-0.68982,0.24788
0.00000000000,870446.33145000006,181042.87873100000,-1.12019,-0.89335,0.51707,-0.19145,-0.07079,-0.52761,-0.47230
0.00000000000,858220.06764699996,191195.70077299999,0.26799,-0.19539,1.42930,0.03847,-0.24103,-0.31599,-0.05178
0.00000000000,848082.52652099996,265767.21860800002,-2.69859,-0.83252,0.59592,-0.49453,0.22492,-0.53470,0.11409
0.00000000000,924057.07493500004,210024.06500300000,3.26744,-0.67952,-0.05971,0.51255,0.00182,-0.10521,0.01877
0.00000000000,955482.24195699999,245687.69704500001,-1.28068,-1.19408,-0.73871,-0.22239,-0.47260,-0.02267,-0.18197
0.00000000000,862854.65980499994,188253.98446099999,-1.66734,-0.15755,0.87165,-0.21845,0.34662,-0.39067,-0.21171
0.00000000000,936616.46003299998,294344.35858900001,-0.64771,-0.92308,-0.52081,-0.44791,0.04284,-0.28154,0.13016
0.00000000000,845676.24642800004,267296.02711700002,-3.66999,-0.89212,-0.47247,-0.74071,0.22175,-0.64282,-0.45726
0.00000000000,976963.33477700001,168161.16401400001,0.71819,0.67726,-0.09669,0.88704,-0.01938,0.57422,-0.10943
0.00000000000,871208.94657100004,203974.95365800001,-0.62194,0.35109,-0.88356,-0.29713,-0.62848,0.33886,0.26259
0.00000000000,854750.88863299997,210130.87083199999,0.63637,3.54880,2.98748,0.79745,-3.00485,0.08567,0.58833
0.00000000000,973395.49228000001,255467.22168300001,-0.31026,0.41064,0.36498,-0.10312,-1.04825,-0.08819,0.46413
0.00000000000,863138.80034800002,219398.76561500001,1.48004,-0.24098,-0.23427,0.24392,0.30454,-0.25952,0.13249
0.00000000000,960871.38161899999,170332.21679899999,0.39567,-0.01824,-0.48149,0.57024,0.62970,0.75706,-0.24256
0.00000000000,959999.91373799997,248586.80179999999,0.77402,-0.73677,1.03591,-0.02914,-0.17090,0.45802,-0.00022
0.00000000000,949124.91203999997,255561.71539000000,-1.16664,-0.80125,-0.68363,-0.05846,-0.41744,-0.46584,-1.03316
0.00000000000,957023.10196100001,183285.07646400001,-0.46293,-0.05513,-0.53410,0.21102,0.41625,0.23593,-0.19526
0.00000000000,952990.00769600004,174512.66518400001,1.40437,-0.08317,-0.79480,1.40931,0.50043,0.57118,0.05643
0.00000000000,922366.89366499998,222734.66857800001,1.56880,-0.60791,0.04247,0.56652,0.17776,-0.07807,0.49333
0.00000000000,971658.16767600004,248067.52071700001,-1.46789,0.04797,0.91022,-0.33339,-1.24988,-0.18496,0.47614
0.00000000000,907567.44317999994,165040.31041800001,2.43142,-0.36702,0.11927,-0.54047,0.11950,-0.17240,0.60327
0.00000000000,950232.25083300006,160465.20585100001,1.02208,-0.58500,0.73478,0.09082,0.06051,-0.11397,-0.35805
0.00000000000,959667.99745200004,198923.06967600001,0.13744,-0.49501,0.68912,-0.03777,0.31641,0.02619,-0.48283
0.00000000000,955341.61372999998,160212.44498500001,1.26164,-0.51391,0.66902,0.45032,0.04556,0.27876,-0.22711
0.00000000000,942419.53192500002,172564.02111199999,1.51250,-0.57580,0.60393,0.53134,0.11885,0.60113,-0.92058
0.00000000000,976914.93704100000,224018.85484200000,2.44390,-0.53472,-0.20329,0.54529,0.20492,0.36619,0.34060
0.00000000000,962577.09433899994,237249.29744100000,1.08367,-0.53667,-0.02921,-0.14295,0.10090,-0.30044,-0.80881
0.00000000000,970834.02404799999,281921.89532499999,-0.44146,-0.88428,-0.65524,-1.33392,-0.13416,-0.82882,0.55486
0.00000000000,949033.20375700004,202462.54079100001,0.98880,-0.09590,0.04362,-0.10630,0.07069,0.53957,-0.19336
0.00000000000,854508.97163199994,262865.01406900003,-1.16731,0.33345,1.10818,-0.30177,0.61157,0.23419,-0.06798
0.00000000000,968816.15747800004,225783.67178000000,2.02377,0.25580,-0.35777,0.57336,0.52524,-0.11978,-0.18446
0.00000000000,972329.03661299997,219933.86293400000,0.35298,-0.04079,0.14482,0.63346,0.49354,-0.03551,-0.49107
0.00000000000,859476.06743499998,235938.77634400001,-1.53600,-0.58444,-0.17175,-0.68881,0.28016,-0.05940,0.17890
0.00000000000,966539.46452299994,216707.34119899999,-0.77684,-0.47682,0.09643,0.12986,0.36686,0.46089,0.37873
0.00000000000,961193.84052900004,159156.10221700001,2.16576,0.21545,0.93625,1.01895,0.21237,0.26588,0.09369
0.00000000000,952005.65492799995,196889.14757100001,2.11242,1.34777,-0.45919,-1.25208,0.89231,-0.59797,-0.72821
0.00000000000,958401.08737099997,215743.06619899999,-0.90978,-0.61462,-0.55677,-0.06297,0.34925,0.48550,0.34959
0.00000000000,933368.24730699998,280536.63829099998,4.57054,-0.02293,-1.25046,-0.13742,-0.25614,0.61692,0.05265
0.00000000000,945786.89299700002,190916.62458199999,0.15497,-0.67154,-1.05635,-0.86874,-0.03721,-1.27094,-0.82477
0.00000000000,962743.40187900001,197426.25509100000,-0.14525,-0.23640,0.06647,0.00670,0.08805,0.20308,-0.28684
0.00000000000,853378.19569199998,212033.34198200001,0.07211,-0.45896,0.66634,0.11466,0.39108,0.31196,0.54291
0.00000000000,928666.11333199998,287341.47813100001,-1.51548,-0.24638,0.33675,-0.20718,-0.14793,-0.23424,-0.01961
0.00000000000,955889.02855799999,199497.88767400000,1.24992,-0.17018,0.84326,-0.21434,-0.30299,-0.02761,-0.36219
0.00000000000,954273.24112599995,263194.42173599999,-0.49360,-0.60838,-0.33213,-0.73019,0.11090,-0.11714,0.50389
0.00000000000,968099.40864299994,289384.36010100000,-0.07745,-0.42316,-0.25245,-0.87810,0.17847,0.02412,0.39524
0.00000000000,931386.83556499996,284319.33545800002,-0.46307,0.20527,0.07854,-0.21719,0.50366,-0.08113,0.14371
0.00000000000,927432.78816899995,285009.92397399998,0.51420,-0.59356,1.72678,0.44712,-0.06653,-0.99084,0.39321
0.00000000000,948960.63019900001,183271.66006299999,1.18246,-0.09444,0.49055,0.53244,0.15108,-0.21310,-0.20325
0.00000000000,951620.37937500002,159103.31923100000,0.82699,-0.66694,0.73672,-0.07852,0.04094,-0.01656,-0.35790
0.00000000000,862409.20837999997,224975.53321600001,1.77180,-0.35616,0.30616,0.13674,0.16630,0.21142,0.89209
0.00000000000,971455.86491799995,233620.58302500000,-1.03348,-0.00704,0.03217,-0.47027,-0.24769,0.23186,0.20811
0.00000000000,938176.06229499995,197424.17488899999,0.28365,-0.80204,-0.20346,-0.10299,-0.02915,-0.19017,-0.06939
0.00000000000,919617.63751699997,166731.38656899999,1.58281,-0.51131,1.14657,0.57293,-0.00724,0.36697,0.11773
0.00000000000,949947.12798400002,250954.35641400001,-0.41723,2.63979,-0.45086,0.45445,-1.71622,-0.48683,-0.48685
0.00000000000,966006.65341799997,269959.47991599998,1.04385,-0.19044,0.45237,-0.44728,0.27787,-0.30171,0.67536
0.00000000000,945101.47598200000,174710.43053799999,1.57485,-0.62641,0.52856,0.51979,-0.02254,0.45243,-0.75744
0.00000000000,929186.77971899998,284429.14249599999,-0.03095,-0.09662,0.75913,0.23130,-0.21229,-0.52097,0.24426
0.00000000000,950180.44643999997,266338.19089400000,-1.27227,-0.85271,0.14530,-0.71773,-0.04217,-0.00964,0.51791
0.00000000000,956709.15998899995,211682.25717900001,-0.85859,-0.06101,-0.33132,0.34931,-0.26575,0.25570,0.21575
0.00000000000,933267.84655999998,283186.92405999999,0.74948,-0.08746,-0.32602,-0.10995,0.10112,-0.02837,0.22029
0.00000000000,917049.80842000002,291371.77054800000,-1.35454,-0.87243,-0.33834,1.01451,0.27331,-0.73834,0.25694
0.00000000000,922014.73656300001,292445.79469700000,1.39393,-0.03434,-0.47218,2.00530,1.07268,-1.46022,0.66114
0.00000000000,909411.79572699999,230650.97218600000,0.27709,-0.70329,-0.09510,0.34840,-0.04639,0.49565,0.00878
0.00000000000,960354.71884600003,242411.06064899999,-0.89938,-0.96027,0.08803,-0.57026,-0.27605,0.54674,-0.02669
0.00000000000,859718.01292600005,228323.03830099999,-0.99663,-0.72062,0.79607,-0.25815,0.08468,0.23081,0.94112
0.00000000000,935901.26139000000,280822.37086299999,2.42392,-0.27102,-0.77210,-0.14286,-0.01125,0.13822,0.21596
0.00000000000,964799.26112499996,175353.19053299999,0.57770,-0.04572,0.15300,0.64635,0.33166,0.83808,-0.22385
0.00000000000,967029.71645599999,218146.21755999999,-0.12309,-0.35176,0.76322,0.28937,0.19720,0.35625,0.37414
0.00000000000,953253.94967200002,282890.57451100001,-0.72012,-0.39036,-0.20775,-1.23237,-0.35741,-0.11242,0.70917
0.00000000000,966805.64862300002,220353.21576200001,-0.06379,-0.32431,-0.38994,0.40085,0.45479,0.23452,0.21303
0.00000000000,906338.74514000001,201522.88583200000,2.67806,-0.45097,-1.15272,0.43120,0.13368,0.44310,0.42973
0.00000000000,929110.23285100004,291500.68639100000,-0.58979,-0.41361,-0.34003,0.24175,0.23351,-0.35510,0.37928
0.00000000000,937979.88876000000,273755.86858499999,0.16338,-0.57362,-0.28649,0.03619,-0.11113,-0.28447,0.02452
0.00000000000,892886.09674600000,232697.11714799999,0.60170,1.65759,-0.63732,0.16198,1.29761,0.04813,-0.42836
0.00000000000,885506.49728200003,159463.17204199999,0.26941,0.00131,0.57049,0.62725,0.12819,0.55505,0.48651
0.00000000000,960414.04166900006,281837.28058600001,0.16888,-0.57031,-0.09875,-1.16760,-0.00944,-0.31260,0.16279
0.00000000000,962592.63524199999,262457.12197500002,-0.01697,-0.73930,-0.50915,-1.18852,-0.02093,-0.02303,0.53564
0.00000000000,959188.17262099998,171563.86379300000,0.50447,-0.02284,-0.20267,0.14265,0.62372,0.50626,0.12316
0.00000000000,868246.20219500002,229123.41882799999,-1.93581,0.22814,-1.03071,0.06954,0.53300,0.08211,0.33009
0.00000000000,863638.90980599995,229365.24344900000,2.66929,-0.03269,4.06016,0.83826,-0.04391,0.92382,0.97752
0.00000000000,925198.64214400004,297714.12979799998,-0.09208,-0.58138,-0.44886,0.59879,0.51339,-0.66558,0.40601
0.00000000000,944800.44512000005,205841.97210799999,-0.45815,0.02463,-0.25049,-0.22989,0.53576,-0.04097,-0.40558
0.00000000000,963147.27540899999,174642.89342700000,0.35101,0.08769,-0.20048,0.35778,0.66247,0.93435,-0.24920
0.00000000000,901117.61919999996,288706.77956599998,-0.83364,-0.85774,-0.35812,0.46509,0.36015,-0.86172,-0.09979
0.00000000000,949704.02100800001,270381.37913100002,-1.02164,-0.95721,0.65872,-0.86472,-0.18850,-0.25747,0.55360
0.00000000000,928489.09035700001,207995.59417800000,1.47768,-0.67058,-0.36018,-0.37189,-0.27345,-0.62628,0.21429
0.00000000000,944682.88854900002,275752.31093099999,-1.34984,-0.99414,-0.97179,-0.58209,0.01107,-0.38456,0.56208
0.00000000000,948683.13471799996,283643.69373900001,-0.93225,-0.75011,-0.91754,-0.88726,0.12824,0.00990,0.69969
1.00000000000,906955.88269799994,208765.67399000001,2.35763,-0.55138,-2.61562,-0.90978,-0.29243,0.44836,-0.26384
1.00000000000,880838.19638500002,266713.19107000000,-2.76112,-1.06403,-0.57315,-0.45849,-0.62240,0.15995,-0.69542
1.00000000000,907328.12882400001,232455.54356300001,0.72168,-0.11304,1.43199,0.38846,-0.41849,0.10923,-0.24164
1.00000000000,957298.85465500003,271715.40857999999,-1.00384,-0.58868,-1.43836,-0.96690,0.12584,-0.13978,0.51782
1.00000000000,893625.70832600002,189333.23458399999,1.84844,-0.62402,0.06730,-0.38497,-0.11301,-0.42590,-0.47346
1.00000000000,905602.47461399995,204770.91235800000,2.66662,-0.32418,-1.19952,0.37657,0.29156,0.20817,0.48281
1.00000000000,845953.15734499996,161829.61383600000,0.58955,-0.33563,-1.31274,0.38920,0.44699,0.19429,-0.11164
1.00000000000,866564.24143900000,238269.11008099999,-1.69029,-0.20216,0.06478,-0.76870,0.27196,-0.76190,-0.47918
1.00000000000,866271.96172200004,238544.12006500000,-1.69029,-0.20216,0.06478,-0.76870,0.27196,-0.76190,-0.47918
1.00000000000,881986.46349400003,267752.10706399998,-3.16770,-0.91285,-1.08126,-0.26531,-0.54868,0.18461,-0.70092
1.00000000000,923413.94903100003,170759.70104700001,1.30046,-0.18414,-0.54063,0.16340,0.51519,-0.41984,-0.53358
1.00000000000,925535.14810500003,238886.96819900000,-0.29675,-0.12927,-0.18120,0.51417,0.63689,-0.34891,-0.27577
1.00000000000,869467.23021700000,271035.80166599998,-3.10744,-0.45241,0.67663,0.20663,0.27752,0.97777,0.03235
1.00000000000,874396.42881800001,251345.04964799999,-2.79006,0.60102,-0.41955,-0.28947,-0.95423,-0.26203,-0.36638
1.00000000000,898074.68199800001,265029.08434200002,-1.00147,0.10425,-0.12368,0.49866,0.26488,-0.09952,-0.12514
1.00000000000,883382.72896600002,168028.06679300001,1.78286,-0.15078,-0.73754,-0.70537,-0.25702,-0.00140,-0.79087
1.00000000000,931456.30147700000,184239.18637400001,1.95743,0.31329,0.58941,0.02752,0.51237,0.17158,-0.25283
1.00000000000,894136.44753200002,294270.20293099998,-2.04565,-1.01927,0.34413,0.15905,0.21373,-0.34052,0.18509
1.00000000000,933752.09422600002,255219.15766299999,-0.81063,0.21205,-0.30586,0.49115,-1.47828,-0.60860,0.01882
1.00000000000,911819.60166699998,214605.49168300000,1.33010,-0.35544,0.70998,-1.57346,-0.41465,0.46983,-0.21638
1.00000000000,890045.83126600005,197247.31392900000,0.75137,-0.01433,-0.77425,-0.24869,-0.01678,0.17453,-0.48837
1.00000000000,901680.51178499998,297104.18846400001,-1.78474,-1.05638,0.35249,-0.35876,-0.16000,0.21423,1.47333
1.00000000000,871003.17903000000,269854.89256299997,-2.27963,0.02413,-0.18740,-0.06984,-0.21191,0.60723,0.39452
1.00000000000,882612.07097100001,180060.55833000000,-0.22436,0.16778,-0.02560,0.12726,-0.52012,0.21449,0.17727
1.00000000000,872013.78590300004,186555.24628600001,1.21705,0.12496,1.17258,-0.27383,-0.06564,-0.67258,-1.05736
1.00000000000,877375.70973999996,176919.10222700000,-0.28103,0.44207,-0.21723,-0.33727,0.00912,0.18599,-0.12512
1.00000000000,845734.14821300004,166410.79550899999,1.82958,-0.39857,-1.20914,0.02576,0.26269,0.63509,-0.32888
1.00000000000,899850.83438799996,170494.68075000000,3.84159,-0.62746,-0.18968,-0.60293,-0.57947,1.38516,-0.76550
1.00000000000,901054.78708499996,214331.80899300001,4.14809,0.87496,-2.12789,0.37073,-0.28744,-0.86331,1.59779
1.00000000000,943515.94522700005,220826.56770300001,0.74199,-0.37976,2.24294,-0.31127,-0.15546,0.13746,-0.08581
1.00000000000,872862.98793099995,287395.59746700001,-1.15944,0.37131,-0.91703,0.09234,0.14744,-0.66274,-0.04574
1.00000000000,876064.72304900002,179705.02585100001,-0.39844,-0.18713,-0.04322,0.28270,-0.10236,-0.40014,-0.17499
1.00000000000,850993.28930199996,190942.78118500000,0.45261,-0.81907,-0.91509,-0.15577,-0.05978,0.03925,-0.24178
1.00000000000,972562.75191800005,199779.91843100000,-0.05896,-0.48006,0.51525,0.26758,0.31166,1.16979,0.05432
1.00000000000,931665.81802600005,198120.95822900001,1.57884,-0.31011,0.40437,-0.90491,0.08429,0.28331,-0.09520
1.00000000000,930942.38015200000,164753.55778100001,1.22896,0.40247,0.68689,-0.69883,-0.44824,-0.42749,-0.82943
1.00000000000,880068.76158599998,288465.26111500000,-1.88540,0.78699,-0.39664,0.25193,0.76535,-0.09753,0.45387
1.00000000000,875048.60621799994,265011.48311099998,-0.54098,3.88226,0.36430,-1.28862,0.70431,0.09382,0.34529
1.00000000000,921141.62122800003,192813.92989100001,7.31254,3.14180,0.24608,0.25807,2.29557,-1.98780,0.31374
1.00000000000,882807.67605600005,262970.83744999999,-2.35551,0.32065,0.52016,-0.11209,-1.45595,-0.28259,-0.73962
1.00000000000,942171.04794399999,215144.53181499999,-1.72469,-0.56366,-0.22994,-0.88650,0.26073,0.24924,-0.42336
1.00000000000,955015.13569400006,290259.89040099998,-1.28449,-0.85977,-0.87580,-1.00193,-0.16437,0.40788,0.41877
1.00000000000,867120.20842000004,249221.23397000000,-0.17302,0.08267,-0.99904,-1.33139,-0.04728,-1.18300,-0.36209
1.00000000000,963201.34883699997,189574.29120800001,0.42655,-0.23715,0.18959,-0.44850,0.12913,0.94085,-0.30403
1.00000000000,852796.78945899999,164990.53025300000,0.63294,-0.59812,-0.12808,0.53968,0.29512,0.43517,-0.42898
1.00000000000,871600.52254999999,199250.99697800001,-1.43806,-0.15560,-0.25768,-0.73449,0.29644,0.43659,-0.28819
1.00000000000,909238.65371200000,218968.53423700001,2.05950,-0.39389,-0.11262,-1.28116,-0.69043,0.43892,-0.07410
1.00000000000,881897.47243099997,268255.20204000000,-3.14246,-0.55819,-0.61293,0.19804,-0.34211,0.10960,-0.20924
1.00000000000,888206.75815600005,186245.98490099999,-0.06885,-0.20215,-0.24635,-0.27256,-1.11915,0.55533,-0.29348
1.00000000000,934162.72502500005,188412.56449100000,1.02108,0.05909,0.66327,-0.57478,0.39962,0.52255,-0.17456
1.00000000000,894602.56502300000,233207.57251900001,0.58562,2.03873,-0.95946,0.63383,0.10921,-0.26353,-0.37210
1.00000000000,855593.17162599997,250725.15953300000,1.05834,1.86502,0.59135,-0.86872,-1.00795,-0.33366,0.92768
1.00000000000,864876.36340799998,258939.50103499999,-0.84368,0.33162,-0.10643,-0.11879,0.62742,-0.37070,-0.34407
1.00000000000,860778.55217799998,180248.09936200001,1.34814,-0.16225,0.02982,0.93783,0.00490,0.16047,0.07556
1.00000000000,942904.22330600000,219274.86592000001,0.61976,-0.34628,0.93320,0.15716,0.24456,-0.08327,-0.04000
1.00000000000,924296.45694199996,163301.16591499999,1.27362,0.37742,-0.36130,0.64025,-0.27430,0.57472,0.26672
1.00000000000,878037.47396500001,290402.96941000002,-1.79552,0.26047,-0.43022,0.31900,0.74465,-0.19902,0.41556
1.00000000000,866839.94463499996,260238.93904299999,-0.36342,0.48009,-0.16060,0.02978,0.40228,-0.57082,-0.67996
1.00000000000,882600.96192399994,272679.10679599998,-3.66967,-0.62811,-0.65074,-1.16162,-0.32156,0.23202,-0.60754
1.00000000000,915180.75253900001,214567.24682999999,1.69046,-0.09615,2.97513,-1.53041,-0.64936,0.39849,-0.22622
1.00000000000,921588.54284000001,204499.10904400001,2.36526,0.21476,-0.87139,-0.66095,0.10114,-0.87124,0.16827
1.00000000000,945704.85671800002,222860.51987200000,1.44227,-0.22305,0.16815,1.04571,0.39387,-0.42325,0.30982
1.00000000000,924334.27843399998,160121.53713200000,0.76062,-0.26132,-1.72532,-0.11706,0.21210,0.05074,-0.62312
1.00000000000,973201.74921000004,198785.85317600000,0.65142,-0.38524,0.25881,0.24564,0.27971,1.12392,-0.17182
1.00000000000,931382.65238900005,169742.87812099999,3.74718,0.28772,1.08346,-0.30629,-0.03054,-0.15376,-0.29922
1.00000000000,879159.80236600002,181828.39580500001,-0.07110,-0.71237,0.27803,0.04706,-0.26803,-0.18552,-0.10195
1.00000000000,947202.88112100004,191735.82321500001,0.24903,-0.44722,-1.35917,-0.99582,-0.11234,-1.43785,-0.86212
1.00000000000,881796.44060600002,266666.60878800001,-2.95025,-0.89247,-0.84852,-0.34214,-0.55565,0.16912,-0.81588
1.00000000000,870564.74358799995,229007.44412199999,-1.28919,-0.62730,-0.59467,-0.24707,-0.04806,-0.94466,0.27064
1.00000000000,933927.61264700000,230665.95331200000,-1.05447,-0.36673,-0.74987,0.67875,0.38498,-0.19542,0.15131
1.00000000000,855014.43394500006,253834.42729600001,3.92398,1.04696,2.25997,-0.43363,-0.55341,-0.73474,0.94640
1.00000000000,875580.94781100005,246678.05333200001,-1.65776,-0.21944,-0.50521,-0.10030,0.46695,-0.10024,0.02375
1.00000000000,912912.47118400002,256762.93364500001,-1.19276,2.20754,0.50676,0.27667,1.07756,-0.17243,-0.61249
1.00000000000,894467.63425600005,259907.64291200001,-2.01081,-0.94169,-0.19796,0.22840,0.15618,-0.22433,-0.58241
1.00000000000,845646.20035199996,212268.36645800000,0.01878,-0.29481,1.19774,-0.16620,0.29503,-0.08564,0.52431
1.00000000000,888632.19550799998,274613.24473500001,-2.71446,0.46968,-0.43305,0.23474,0.01867,-0.15411,-0.24357
1.00000000000,868237.56252799998,194328.80221699999,-1.81585,-0.16266,0.53867,-0.93834,0.52596,0.15877,-0.52499
1.00000000000,875854.82013200002,235124.77771800000,-1.19143,0.12222,0.24117,-0.46423,0.43003,-0.12727,-0.20177
1.00000000000,867362.65297299996,275420.91066300002,-3.03666,0.08330,0.93570,0.35257,0.41237,0.70948,0.05246
1.00000000000,902966.74432499998,295430.12079800002,-1.93844,-0.89972,0.00723,0.06987,0.21106,-0.12511,0.89753
1.00000000000,884944.78558799997,244227.71123200000,-0.34336,-0.79983,-0.14048,0.17123,-0.20253,0.07668,-0.51247
1.00000000000,879494.22682800004,213711.13079000000,0.12652,-0.02720,-1.26970,0.01325,0.24516,0.20199,-0.17893
1.00000000000,872479.15401900001,237503.50075899999,-1.78612,-0.44944,-0.25067,-0.24987,0.27280,-0.10161,-0.14145
1.00000000000,904212.17633499997,189797.39741999999,2.09189,0.43443,0.18958,-0.14806,-0.40115,0.01815,0.10344
1.00000000000,923694.92619200004,248707.71898999999,-1.49258,0.85799,-0.18642,0.10160,1.26895,-0.26983,-0.03466
1.00000000000,942413.49000800005,214324.76816800001,-1.72469,-0.56366,-0.22994,-0.88650,0.26073,0.24924,-0.42336
1.00000000000,874337.93856200005,283514.31732799998,-2.70937,-0.46315,0.41904,-0.00706,0.15687,-1.05184,-0.43852
1.00000000000,967352.46348100004,182947.55069199999,0.14985,-0.35902,0.12351,-0.08536,0.24778,1.27542,-0.26460
1.00000000000,867157.80523399997,245220.04619100000,-4.50973,-0.80397,0.49269,-0.68374,0.10355,-0.60381,-0.51810
1.00000000000,847575.30274099996,180131.65575400001,2.97545,-0.66776,-1.20452,-0.40523,-0.14010,-0.20811,-0.53314
1.00000000000,870324.92606900004,262563.35093499999,0.48718,0.03566,0.72911,0.38202,-0.00366,-0.21522,-0.17433
1.00000000000,847229.00490299996,199684.15962399999,-1.76955,-0.56738,0.59311,-0.93781,-0.10653,-0.28336,-0.28187
1.00000000000,922977.90894700005,173552.61025400000,2.38659,-0.02024,0.25898,0.64877,0.52354,-0.19574,0.10437
1.00000000000,899472.49296599999,217240.22403099999,4.87948,1.74079,-2.03498,-0.82517,0.03197,-0.29870,0.76873
1.00000000000,886110.94716900005,230991.64099200000,-2.09323,0.39759,-0.26161,0.12370,0.03279,1.02541,-0.71378
1.00000000000,933024.20483399997,161170.59535500000,0.10136,-0.75333,-0.87137,-0.48845,-0.14288,-0.47964,-0.73536
1.00000000000,911903.85854299995,212833.41235500001,0.90438,-0.27095,-2.19314,-1.42743,-0.12123,0.80607,-0.01014
1.00000000000,898652.16578000004,260808.77112300001,-1.94218,-0.44543,-0.77806,0.38651,0.45279,0.18513,-0.14229
1.00000000000,892686.77014799998,265731.69231600000,-1.50964,-0.40413,0.01026,0.18492,0.26798,-0.70711,-0.65056
1.00000000000,849472.89372399997,160326.60522200001,-0.65789,-0.65470,-1.61655,0.26782,0.35367,0.28539,-0.56501
2.00000000000,883664.34982899996,291444.12649000000,-2.13115,-0.30619,0.38397,0.67149,-0.04890,-0.04109,0.34683
2.00000000000,911237.57393800002,189268.19227100001,1.15466,0.80665,0.18539,-0.22796,-0.34923,0.18643,-0.35463
2.00000000000,870226.75136300002,300136.15565600002,-0.70932,-0.62573,0.67300,-0.54498,-0.02815,-0.24029,0.45234
2.00000000000,892818.95544299996,282285.54809400003,-1.17887,1.89568,-1.24159,2.03391,-0.66476,-0.39757,0.27098
2.00000000000,871407.13182500005,296119.32322000002,-0.79980,-0.40200,-0.03924,0.17263,0.24594,-0.22248,0.35735
2.00000000000,898511.32893700001,276164.08851700003,0.05383,1.75661,0.56056,1.11070,1.33985,-0.47410,-0.46115
2.00000000000,874496.85084199999,295932.57344399998,-1.02884,1.05121,0.09952,0.06618,0.55209,-0.14951,0.39830
2.00000000000,896310.82768900006,278642.39134999999,-1.11208,1.21608,0.17004,1.15867,0.31875,-0.24368,-0.08308
2.00000000000,874190.43934399995,296314.85047900002,-1.02906,0.41516,-0.12536,0.21823,0.08530,-0.19535,0.44457
2.00000000000,878923.80519900005,296458.40956399997,-1.11465,-0.19112,-0.07055,0.70991,0.05586,-0.25634,0.39235
2.00000000000,869812.86439600005,299591.63030800002,-0.70932,-0.62573,0.67300,-0.54498,-0.02815,-0.24029,0.45234
2.00000000000,896140.32987400005,277933.42597799998,-1.11208,1.21608,0.17004,1.15867,0.31875,-0.24368,-0.08308
2.00000000000,878789.22017700004,297062.92784999998,-0.76067,-0.55904,0.41404,0.75629,0.36526,-0.04666,0.39650
2.00000000000,891252.07071899995,283669.90151800000,-1.91268,2.31551,-0.35694,1.63214,-0.53245,-0.39600,0.17065
2.00000000000,875302.38765799999,298775.86381499999,-0.82245,0.34891,0.37380,0.40460,-0.01486,-0.11387,0.41350
2.00000000000,873452.44183300005,298491.99404600001,-0.78991,0.05957,0.42367,0.12516,0.51961,-0.04828,0.37325
2.00000000000,904858.40165400004,272076.89237199997,-0.40928,0.09939,0.40191,1.07441,0.52768,0.30595,0.13924
2.00000000000,911665.64639799995,188556.22860800000,0.78896,0.46820,0.59682,-0.95425,0.64817,0.54299,0.09265
2.00000000000,897405.16802200000,275938.04133500002,-0.45680,0.77727,0.66352,0.64670,1.79913,-0.18260,-0.39226
2.00000000000,859277.65946500003,298578.87818300002,-0.58610,-0.23018,0.33555,0.40278,0.27972,-0.28535,-0.07655
2.00000000000,902012.61810399999,274934.62620800000,-0.15903,0.04689,0.52857,1.32532,0.38370,-0.07360,-0.01509
2.00000000000,872764.52435700002,298431.31141199998,-0.79000,-0.20813,0.25361,0.00934,0.11487,-0.21124,0.32530
2.00000000000,876028.40516199998,297764.86197199998,-0.99481,0.97833,0.11718,0.53217,-0.43145,-0.25241,0.44832
2.00000000000,904682.85652899998,272390.56464000000,-0.40928,0.09939,0.40191,1.07441,0.52768,0.30595,0.13924
2.00000000000,876677.48150899995,297559.07540899998,-0.99481,0.97833,0.11718,0.53217,-0.43145,-0.25241,0.44832
2.00000000000,879058.37848499999,296902.31307999999,-1.11465,-0.19112,-0.07055,0.70991,0.05586,-0.25634,0.39235
2.00000000000,876519.94704000000,297214.45786299999,-0.99481,0.97833,0.11718,0.53217,-0.43145,-0.25241,0.44832
2.00000000000,881887.98575700005,292126.55515999999,-1.83627,-0.72957,0.17209,0.72168,-0.07777,-0.10624,0.39444
2.00000000000,868459.58176600002,297279.15681000001,-0.54876,-0.26908,0.26751,-0.02271,0.11659,-0.15567,0.35271
2.00000000000,873286.85790900001,297900.78410500003,-0.77410,0.25951,0.28765,0.11382,0.39160,-0.12784,0.38634
2.00000000000,911698.75179300003,190217.28354900001,0.66122,0.93239,0.32400,-0.60726,-0.19558,0.46775,-0.01948
2.00000000000,863460.78309699998,298568.91216800001,0.18117,0.64897,0.11437,-0.15100,0.06745,-0.33551,0.34578
2.00000000000,868916.37506500003,299434.95869399997,-0.58130,-0.63661,0.50289,-0.27143,-0.05373,-0.23110,0.43248
2.00000000000,879812.70682700002,297038.91540100001,-1.00800,-0.37559,0.26702,0.79705,0.17231,-0.12552,0.36395
2.00000000000,866533.18626300001,298648.50894600002,-0.37383,0.42230,0.21404,-0.08166,0.38638,-0.11872,0.25709
2.00000000000,911369.76872299996,188594.14867200001,1.33097,0.79603,0.23570,-0.62266,0.37502,0.27220,-0.20283
2.00000000000,860097.53775599995,298327.71299700002,-0.03727,-0.14782,0.32191,0.20051,0.17816,-0.33522,0.15162
2.00000000000,911219.42411499994,190031.70350199999,1.15466,0.80665,0.18539,-0.22796,-0.34923,0.18643,-0.35463
2.00000000000,876064.72231800004,300433.57633399998,-0.52952,-0.53051,0.50707,0.56563,0.19652,-0.00385,0.37568
2.00000000000,904248.21958100004,271189.20953200001,-0.29714,1.90786,0.23685,1.32469,-1.12062,-0.04778,0.21747
2.00000000000,879325.93282400002,297896.06583400001,-0.74790,0.55667,0.61047,0.94109,-0.19383,-0.00465,0.38342
2.00000000000,911208.08749900002,188581.19668900000,1.33097,0.79603,0.23570,-0.62266,0.37502,0.27220,-0.20283
2.00000000000,892835.15882600006,282065.75572999998,-1.17887,1.89568,-1.24159,2.03391,-0.66476,-0.39757,0.27098
2.00000000000,874208.04885400005,295574.46313200000,-1.01223,0.16114,0.01580,0.19378,0.17471,-0.20787,0.49596
2.00000000000,875935.98868499999,295710.12748800003,-1.14944,1.01840,-0.22625,-0.08469,1.14604,-0.20502,0.31029
2.00000000000,874209.77363900002,300462.81872799998,-0.74130,0.02770,0.44889,0.26069,0.04439,-0.12376,0.35869
2.00000000000,896081.12210899999,278378.23950999998,-1.11208,1.21608,0.17004,1.15867,0.31875,-0.24368,-0.08308
2.00000000000,874653.66680799995,298828.07498500001,-0.82245,0.34891,0.37380,0.40460,-0.01486,-0.11387,0.41350
2.00000000000,891879.95269199996,283559.14049500000,-1.91268,2.31551,-0.35694,1.63214,-0.53245,-0.39600,0.17065
2.00000000000,875007.81591500004,295762.42161600001,-1.13919,1.01010,0.02603,0.14704,0.22790,-0.22432,0.47215
2.00000000000,868757.40546200005,299948.36632500001,-0.65876,-0.77499,0.64460,-0.50497,0.04428,-0.22872,0.44589
2.00000000000,899011.02460500004,274667.64013800002,-0.21611,0.70206,0.73765,1.09111,0.69932,-0.28350,-0.25041
2.00000000000,861866.13340799999,298200.72149000003,0.57901,-0.18357,0.10361,-0.10089,-0.22696,-0.65166,0.39251
2.00000000000,911136.26838200004,189396.75892200001,1.15466,0.80665,0.18539,-0.22796,-0.34923,0.18643,-0.35463
2.00000000000,898006.59673999995,278399.33767400001,-0.68922,0.98485,0.30440,1.44421,-0.11695,-0.48325,-0.16092
2.00000000000,866452.00234000001,299518.52516000002,-0.31890,0.49084,0.16875,0.00866,-0.36702,-0.32018,0.33302
2.00000000000,911160.66487400001,189496.26895900001,1.15466,0.80665,0.18539,-0.22796,-0.34923,0.18643,-0.35463
2.00000000000,898462.67813500005,275141.77360399999,-0.21611,0.70206,0.73765,1.09111,0.69932,-0.28350,-0.25041
2.00000000000,863890.86562499998,298514.69916199998,-0.01773,0.94546,0.15658,-0.18821,0.37295,-0.23051,0.26199
2.00000000000,868283.35257200000,299606.34622000001,-0.45437,-0.41414,0.36429,-0.18075,-0.09176,-0.25414,0.39036
2.00000000000,860381.74083000002,300184.14491199999,0.16193,-0.25263,0.09659,0.05139,0.35008,-0.29050,0.26764
2.00000000000,881211.79172300000,292689.30701699998,-1.74531,-0.50643,-0.15373,0.71689,0.04665,-0.25220,0.36615
2.00000000000,876464.70070599997,298014.05774700001,-0.99481,0.97833,0.11718,0.53217,-0.43145,-0.25241,0.44832
2.00000000000,880012.75090600003,292558.13705800002,-2.01500,1.33561,-0.71982,0.94908,-1.04059,-0.58618,0.38044
2.00000000000,865709.60325499997,300387.25421599997,-0.15803,0.77628,0.12406,-0.19816,0.24603,-0.26352,0.27262
2.00000000000,873150.70638100000,297609.47210499999,-0.93746,-0.15337,0.10282,0.07529,0.22419,-0.22105,0.33379
2.00000000000,899878.87517899997,275395.26414500002,-0.16263,0.57343,0.73938,0.99789,1.34546,-0.19079,-0.29439
2.00000000000,876833.68717900000,297401.77308000001,-0.86356,-0.00265,0.18447,0.62131,0.00371,-0.18772,0.42229
2.00000000000,859094.55579500005,298554.88564800000,-0.58610,-0.23018,0.33555,0.40278,0.27972,-0.28535,-0.07655
2.00000000000,864094.51190000004,298529.27679400000,-0.01773,0.94546,0.15658,-0.18821,0.37295,-0.23051,0.26199
2.00000000000,875932.83173800004,300314.11262299999,-0.52952,-0.53051,0.50707,0.56563,0.19652,-0.00385,0.37568
2.00000000000,872945.69412999996,297634.48876899999,-0.93746,-0.15337,0.10282,0.07529,0.22419,-0.22105,0.33379
2.00000000000,875823.41331199999,296463.34724999999,-1.10889,1.47632,-0.04055,0.02894,0.71903,-0.17446,0.32953
2.00000000000,904802.77355200006,270847.80116700003,-0.25826,0.94671,0.32903,1.20108,-0.04035,0.21408,0.21914
2.00000000000,860854.13430100004,299728.08695000003,0.16193,-0.25263,0.09659,0.05139,0.35008,-0.29050,0.26764
2.00000000000,900435.75338300003,276027.30607599998,0.11237,1.82261,0.42499,1.86839,-0.53263,-0.79376,-0.32290
2.00000000000,871072.18297299999,299379.36660100002,-0.61765,-0.51393,0.36595,-0.27654,0.11684,-0.23468,0.42799
2.00000000000,876990.12107899995,295788.70176500001,-1.25657,1.59388,-0.55955,0.13476,0.38501,-0.40592,0.28729
2.00000000000,898513.42765700002,277063.71902199998,0.11394,2.25724,0.37030,1.79465,-0.41665,-0.80477,-0.34839
2.00000000000,863231.20441699994,298565.16963700001,0.18117,0.64897,0.11437,-0.15100,0.06745,-0.33551,0.34578
2.00000000000,911004.96154100006,189492.35851500000,1.15466,0.80665,0.18539,-0.22796,-0.34923,0.18643,-0.35463
2.00000000000,877788.73056800000,294225.54969100002,-0.89343,0.75593,-0.61667,-0.23601,1.19638,-0.37537,0.22278
2.00000000000,877431.78182000003,296490.78904700000,-1.17362,1.27602,-0.21809,0.57431,-0.56237,-0.39814,0.41102
2.00000000000,898058.45240800001,277492.90427699999,-0.48463,1.81656,0.45978,0.96680,0.98593,-0.33437,-0.32970
2.00000000000,874100.34949699999,298265.00906600000,-0.78991,0.05957,0.42367,0.12516,0.51961,-0.04828,0.37325
2.00000000000,912053.88681800000,189219.12303600000,0.66122,0.93239,0.32400,-0.60726,-0.19558,0.46775,-0.01948
2.00000000000,910794.42235400004,253468.94972500001,-1.57127,0.02600,0.30906,0.97305,-0.17983,0.29910,0.02892
2.00000000000,865177.27356799995,298271.28969100001,-0.20848,0.37007,0.14759,-0.03626,0.43623,-0.14727,0.24873
2.00000000000,909990.24671300000,255631.07717700000,-1.28314,-0.01955,-0.01285,0.87060,0.68904,0.11172,-0.24514
2.00000000000,902315.47767499997,273741.22921700001,-0.26608,-0.04589,0.53801,1.04972,0.79377,0.08158,0.00665
2.00000000000,865752.38857900002,297005.81342700002,-0.74792,-0.04207,0.41831,1.09977,0.37253,0.40007,0.02055
2.00000000000,883091.52697799995,291915.61609000002,-2.13115,-0.30619,0.38397,0.67149,-0.04890,-0.04109,0.34683
2.00000000000,875067.87488899997,295729.07569299999,-1.13919,1.01010,0.02603,0.14704,0.22790,-0.22432,0.47215
2.00000000000,879531.59010499995,296881.12449000002,-1.00800,-0.37559,0.26702,0.79705,0.17231,-0.12552,0.36395
2.00000000000,869369.38992700004,299532.42525400000,-0.65876,-0.77499,0.64460,-0.50497,0.04428,-0.22872,0.44589
2.00000000000,880125.12862800003,293455.54036799999,-1.74422,0.36223,-0.59952,0.80858,-0.30736,-0.50028,0.33574
2.00000000000,871298.07501899998,298783.17285700003,-0.61765,-0.51393,0.36595,-0.27654,0.11684,-0.23468,0.42799
2.00000000000,868642.11307800002,297749.42268700001,-0.54876,-0.26908,0.26751,-0.02271,0.11659,-0.15567,0.35271
2.00000000000,897073.69617600006,280068.60344799998,-1.27351,-0.20524,0.09415,1.36604,0.48682,-0.21492,-0.02145
2.00000000000,893907.90694899997,281583.28679400001,-1.30977,-0.22913,-0.85106,1.88135,0.18864,-0.34677,0.16389
3.00000000000,899174.04252100002,173388.49759600000,5.61434,-0.52879,-0.93865,-0.89267,-0.84627,2.36085,-1.07851
3.00000000000,900655.55661199999,165535.37482299999,2.61623,-0.75675,0.06905,-0.45974,-0.41436,0.58708,-0.49222
3.00000000000,867445.54936099995,175209.08816000001,-0.14540,-0.59060,0.22886,-0.33816,-0.10146,-0.51614,-0.33284
3.00000000000,898050.06175999995,178127.18724900001,3.02533,-0.62116,-0.43835,-0.38158,-0.38566,0.98263,-0.63253
3.00000000000,883434.04787600006,173917.18472200001,4.09603,-0.60429,0.35316,-0.90121,-0.73606,1.13117,-0.68289
3.00000000000,881415.64977200003,172398.53693400000,3.44390,-0.18845,-0.00418,-0.72315,-0.76379,0.72880,-0.53415
3.00000000000,902402.08025500004,174099.95440200000,3.24406,-0.56614,-0.97382,-0.38135,-0.31593,0.97624,-0.60449
3.00000000000,903544.62498099997,175051.49805900001,2.17207,-0.67247,-1.22359,-0.18445,-0.14459,0.41183,-0.44431
3.00000000000,885137.20866899996,192965.97954299999,2.53154,-0.08997,-0.84530,0.18189,0.11553,-0.06886,-0.38220
3.00000000000,871270.50490800000,174110.10192300001,-0.35171,-0.45117,0.32114,-0.73728,-0.03925,-0.66675,-0.18301
3.00000000000,879368.88395699998,173704.23270500000,2.83409,-0.09273,-0.46631,-0.73455,-0.25879,0.65195,-0.35044
3.00000000000,900557.62179999996,166121.50557199999,2.61623,-0.75675,0.06905,-0.45974,-0.41436,0.58708,-0.49222
3.00000000000,874666.09504299995,172631.21043499999,0.41859,-0.64711,-0.16638,-1.06761,-0.36261,-0.55838,0.07220
3.00000000000,885496.22528100002,191907.79350500001,2.02547,-0.30939,-0.68445,0.03193,0.11071,0.09803,-0.40677
3.00000000000,877984.58267999999,172247.13010400001,1.95082,-0.31145,-0.36556,-0.82097,-0.10480,0.11079,-0.37168
3.00000000000,871722.77040699997,173059.88278700001,0.05404,-0.50657,0.31193,-0.64821,0.06354,-0.62020,-0.25953
3.00000000000,879524.93932899996,169272.79398500000,1.66471,0.03080,-0.96649,-0.80750,-0.09791,-0.29752,-0.68745
3.00000000000,901230.95343700005,179109.22748900001,2.11629,-0.63087,-1.36510,-0.24115,0.04273,-0.08050,-0.36642
3.00000000000,887498.27415399998,162735.96560500000,1.23437,-0.69343,-0.97517,-0.32053,-0.58913,0.50654,-0.88934
3.00000000000,896864.58400899998,177105.34742000001,3.06652,-0.62178,0.00167,-0.46160,-0.34304,0.91964,-0.59070
3.00000000000,898369.06745900004,164964.96745500001,2.79622,-0.57867,0.24680,-0.56292,-0.87715,0.24783,-0.57429
3.00000000000,875773.88187599997,169902.58231500001,1.98185,-0.58181,-0.24066,-0.81349,-0.23812,-0.29767,-0.25494
3.00000000000,890243.75300799997,194978.61230300000,0.85631,-0.30880,-0.61015,-0.06864,-0.27202,0.01519,-0.56213
3.00000000000,886889.78215700004,192916.94910500001,1.53262,-0.31301,-0.36758,-0.13152,0.03426,0.20855,-0.40681
3.00000000000,887000.00026999996,186955.66808700000,0.05506,-0.63186,-0.43911,-0.31684,-0.33929,0.74452,-0.24934
3.00000000000,896342.83656700002,164107.77756300001,2.83586,-0.98962,0.29603,-0.69464,-0.75638,0.11299,-0.66172
3.00000000000,869917.30502099998,171775.14285199999,0.98758,-0.20002,0.19874,-0.47063,0.25465,-0.61172,-0.49234
3.00000000000,873732.30076400004,173067.21953800000,0.10146,-0.91240,-0.00786,-1.07912,-0.26536,-0.71874,0.14153
3.00000000000,889791.84559000004,194169.88252200000,0.96346,-0.10123,-0.49167,-0.11570,-0.17363,0.12191,-0.51708
3.00000000000,901792.93786900002,165979.74571399999,2.20989,-0.43860,-0.10654,-0.33017,-0.36563,0.52730,-0.30591
3.00000000000,879566.54627599998,170782.41902900001,2.03758,-0.02626,-0.52658,-0.81222,-0.19049,0.00326,-0.53308
3.00000000000,884062.98767399997,175915.81803200001,2.90459,-0.71988,-0.53781,-0.91024,-0.43971,0.95545,-0.33689
3.00000000000,877496.52474200004,173581.43506700001,0.96587,-0.11471,-0.33033,-0.53780,-0.59052,0.09701,-0.07998
3.00000000000,872845.01730099996,172403.16684799999,0.12321,-0.51048,0.09108,-0.85751,-0.25934,-0.66775,-0.03892
3.00000000000,901901.74250299996,175219.64033200001,4.39915,-0.60705,-1.25285,-0.55834,-0.52445,1.56979,-0.82905
3.00000000000,871435.09491400002,170149.42807800000,1.39761,-0.23604,0.10391,-0.19313,-0.26635,-0.51574,-0.31423
3.00000000000,889812.32344299997,189683.46668899999,0.31290,-0.33631,-0.36822,-0.48792,-0.28132,0.34801,-0.58202
3.00000000000,896936.04676399997,163853.82439200001,2.83586,-0.98962,0.29603,-0.69464,-0.75638,0.11299,-0.66172
3.00000000000,887950.72033100005,162992.14640100001,1.09278,-0.96956,-0.55912,-0.34003,-0.47764,0.44631,-0.67443
3.00000000000,903434.93114799995,175162.23623000001,2.17207,-0.67247,-1.22359,-0.18445,-0.14459,0.41183,-0.44431
3.00000000000,885700.46963499999,177708.20272599999,2.51043,-0.69766,-0.73188,-0.93913,-0.47491,0.93860,-0.30855
3.00000000000,876515.61406499997,170812.21513800000,1.98185,-0.58181,-0.24066,-0.81349,-0.23812,-0.29767,-0.25494
3.00000000000,898585.95579100004,173429.75672599999,5.61434,-0.52879,-0.93865,-0.89267,-0.84627,2.36085,-1.07851
3.00000000000,901916.91650299996,178830.67568499999,2.11629,-0.63087,-1.36510,-0.24115,0.04273,-0.08050,-0.36642
3.00000000000,901859.40371900005,179163.03157799999,2.11629,-0.63087,-1.36510,-0.24115,0.04273,-0.08050,-0.36642
3.00000000000,878906.57427600003,174045.05138700001,1.71693,-0.15582,-0.37023,-0.67112,-0.08888,0.45445,-0.22627
3.00000000000,899950.78726699995,163613.23970999999,1.95667,-0.54848,0.20523,-0.19925,-0.17777,0.35012,-0.18111
3.00000000000,890100.67719199997,162430.98916900001,1.17477,-1.02979,-0.11698,-0.23868,-0.66424,-0.03609,-0.55553
3.00000000000,872779.26857900003,172872.47064399999,0.12321,-0.51048,0.09108,-0.85751,-0.25934,-0.66775,-0.03892
3.00000000000,869873.42787599994,169662.26522100001,1.27418,-0.16734,0.18219,-0.01710,0.30120,-0.30279,-0.52609
3.00000000000,889905.10217400000,190170.65830099999,0.31290,-0.33631,-0.36822,-0.48792,-0.28132,0.34801,-0.58202
3.00000000000,900824.38203900005,167106.29950900000,2.36555,-0.47620,0.06434,-0.34416,-0.29597,0.58172,-0.50034
3.00000000000,900644.65433599998,165288.17841100000,2.61623,-0.75675,0.06905,-0.45974,-0.41436,0.58708,-0.49222
3.00000000000,898669.49265799997,164663.08840800001,2.67015,-0.62513,0.21503,-0.57890,-0.50130,0.42702,-0.54830
3.00000000000,888509.75567300001,163945.41532400000,1.75416,-0.34769,-0.71442,-0.70994,-0.86213,0.46644,-1.01990
3.00000000000,872894.96605299995,170708.36289900000,1.44137,-0.67042,0.05088,-0.46171,-0.04747,-0.45866,-0.19619
3.00000000000,875347.27500599995,169796.47648300001,1.97162,-0.66867,-0.09827,-0.89078,-0.26389,-0.24539,-0.17332
3.00000000000,900258.34235100006,174075.46755500001,6.25907,-0.56728,-1.53092,-0.85447,-0.89904,2.88321,-1.27889
3.00000000000,900150.66413100006,180228.18072999999,1.84686,-0.68090,-1.75740,-0.24535,0.09715,0.11727,-0.29803
3.00000000000,881368.78986500006,169979.06813800000,2.33005,0.13767,-0.47980,-1.01440,0.06052,0.20745,-0.71012
3.00000000000,888374.32536999998,188832.42451200000,0.34726,-0.32272,-0.33389,-0.47758,-0.23967,0.39324,-0.42340
3.00000000000,874758.16104599996,170530.36837099999,1.72701,-0.73484,-0.16041,-0.82174,-0.15109,-0.38398,-0.23349
3.00000000000,896629.74181000004,165856.50878800001,3.41784,-0.58697,-0.09719,-0.70403,-0.93892,-0.00787,-0.53554
3.00000000000,869756.19420699996,172267.83148399999,-1.08479,-0.58258,0.73430,-0.50880,0.13734,-0.55319,-0.22310
3.00000000000,901254.50642100000,165697.53420400000,2.20989,-0.43860,-0.10654,-0.33017,-0.36563,0.52730,-0.30591
3.00000000000,881503.60240700003,170013.32120199999,2.33005,0.13767,-0.47980,-1.01440,0.06052,0.20745,-0.71012
3.00000000000,883091.34368499997,174041.07315899999,4.09603,-0.60429,0.35316,-0.90121,-0.73606,1.13117,-0.68289
3.00000000000,897543.94191399997,178004.49677900001,3.02533,-0.62116,-0.43835,-0.38158,-0.38566,0.98263,-0.63253
3.00000000000,900676.04965399997,175313.28302999999,6.70266,-0.54380,-1.80349,-0.89365,-0.97978,3.18459,-1.39330
3.00000000000,887959.57844700001,192898.82832199999,1.23528,-0.38984,-0.33326,-0.27402,-0.10594,0.18029,-0.42544
3.00000000000,888942.18004200002,163768.05694400001,1.29664,-0.67160,-0.31219,-0.49142,-0.57370,0.34131,-0.66426
3.00000000000,878282.62539800000,169303.63478699999,1.60425,-0.21510,-0.69799,-0.80309,-0.17932,-0.29053,-0.48572
3.00000000000,868638.62403499999,170639.81500100001,2.15303,-0.17162,0.15421,-0.09970,0.06897,-0.57629,-0.64008
3.00000000000,881736.82388399995,172510.90073800000,4.42876,-0.51395,0.89676,-1.01727,-0.97316,1.27940,-0.93638
3.00000000000,898757.28764800006,177881.04670300000,2.94928,-0.63702,-0.94977,-0.38583,-0.30748,0.97904,-0.64665
3.00000000000,898875.13592799997,179739.16665900001,-0.11686,-0.72983,-2.67825,-0.38897,0.04026,0.20479,-0.52154
3.00000000000,890991.61379700003,163871.86243099999,2.45921,-0.49839,0.06774,-1.11917,-0.69609,0.28955,-1.01778
3.00000000000,895333.72116399999,164197.41269200001,2.68410,-0.56154,0.35822,-0.87842,-0.89225,0.02103,-0.81802
3.00000000000,873525.57886000001,173660.66433100001,-0.47750,-0.95204,-0.11429,-1.70713,-0.46022,-0.97775,0.55830
3.00000000000,888673.11246600002,188921.14465000000,0.34726,-0.32272,-0.33389,-0.47758,-0.23967,0.39324,-0.42340
3.00000000000,870260.57355400000,174906.48884199999,-0.96220,0.01925,0.39972,-0.63284,0.09104,-0.48632,-0.25830
3.00000000000,899641.51073900005,163836.73806300000,1.95667,-0.54848,0.20523,-0.19925,-0.17777,0.35012,-0.18111
3.00000000000,902522.77780299995,177555.97468099999,2.13669,-0.55454,-0.93249,-0.12055,-0.11556,0.10838,-0.41121
3.00000000000,900494.89599700004,168028.60330600000,3.14255,-0.61493,0.03985,-0.57221,-0.39204,0.98467,-0.71493
3.00000000000,894937.17415700003,177833.10357800001,2.97661,-0.66916,0.02967,-0.55498,-0.47383,0.94426,-0.54317
3.00000000000,871708.37649599998,173972.76891899999,-0.35171,-0.45117,0.32114,-0.73728,-0.03925,-0.66675,-0.18301
3.00000000000,879332.60571000003,169685.81836700000,1.66471,0.03080,-0.96649,-0.80750,-0.09791,-0.29752,-0.68745
3.00000000000,879131.77330999996,172712.68074099999,1.97257,-0.38574,-0.35160,-0.79340,-0.05489,0.29890,-0.32091
3.00000000000,883940.23703099997,165820.35790800001,1.23390,-0.28192,-0.60892,-0.38268,-0.12099,0.06104,-0.69190
3.00000000000,869431.88722899999,174469.40369499999,-1.46612,-0.41344,0.78112,-0.41069,-0.16743,-0.56532,-0.16860
3.00000000000,900191.83827099996,175525.86775300000,6.70266,-0.54380,-1.80349,-0.89365,-0.97978,3.18459,-1.39330
3.00000000000,872499.67800099996,170991.21872599999,1.44137,-0.67042,0.05088,-0.46171,-0.04747,-0.45866,-0.19619
3.00000000000,869015.64753399999,168782.97964199999,1.69432,-0.16498,0.42794,0.20704,0.03107,-0.29815,-0.45869
3.00000000000,897431.09893400001,165670.34251300001,3.28238,-0.69734,0.05392,-0.69350,-0.90416,0.31507,-0.63027
3.00000000000,870793.41924700001,171421.69653799999,0.98989,-0.16635,0.16211,-0.46241,0.04063,-0.56494,-0.31379
3.00000000000,883154.76476199995,174728.74035800001,3.54145,-0.68718,-0.21336,-0.73782,-0.42058,0.93108,-0.40322
3.00000000000,881298.69551100000,172364.82924600001,3.44390,-0.18845,-0.00418,-0.72315,-0.76379,0.72880,-0.53415
3.00000000000,900798.24913600006,174202.08073200000,4.74210,-0.53498,-1.15677,-0.68797,-0.61485,1.86729,-0.93389
3.00000000000,890730.03796600003,189591.95387699999,0.11684,-0.26607,-0.47981,-0.39258,-0.54387,0.41916,-0.65922
3.00000000000,891306.22999999998,195244.37126499999,0.09084,0.27373,-0.57967,-0.09924,-0.52746,0.16123,-0.66729
4.00000000000,911371.66541200003,234693.00253500001,0.40474,-0.27076,-0.12511,0.16623,-0.13571,0.56053,0.27984
4.00000000000,927082.67481100000,256863.27119000000,-1.50115,-0.00533,0.00054,0.29163,-0.00526,-0.40008,-0.20340
4.00000000000,878909.96308899997,205006.52387000000,0.66100,-0.21805,-1.53951,-0.31897,0.01644,-0.46478,-0.23195
4.00000000000,908541.41184600000,267401.15508300002,-0.86647,6.63538,-0.12547,1.40239,-3.53396,-0.29731,0.01702
4.00000000000,911993.31286099995,224913.47958200000,2.01911,-0.31087,-0.19338,-0.40937,0.09292,0.42541,-0.11840
4.00000000000,883210.10136700002,214743.13126600001,-1.36653,0.92044,-1.35821,0.22814,-0.33468,1.10008,-0.00906
4.00000000000,902527.35013200005,255774.05038400000,-2.02645,-0.49179,-1.55860,0.73841,0.37397,0.28991,-0.37350
4.00000000000,976230.72224399995,282888.26886299998,0.49149,-0.49448,-1.12791,-1.29656,-0.19331,-0.60903,0.94201
4.00000000000,911430.46034500003,276933.12128000002,-1.24261,-0.22510,0.16383,1.36520,0.18576,0.52560,0.39748
4.00000000000,936610.99545599998,248674.04691700000,-0.99561,1.01020,-0.09768,0.39313,-1.05008,-0.34109,-0.05734
4.00000000000,892181.85418400005,204786.11743799999,0.15428,-0.49531,-0.26394,0.16316,-0.34354,1.20282,-0.13796
4.00000000000,940228.12246800005,228634.20011800001,0.27648,-0.25484,-0.58157,0.58535,0.46265,-0.30815,0.24644
4.00000000000,854960.54419000004,285212.77610800002,-2.71642,0.57513,1.01242,0.95355,-0.90272,0.46478,0.10301
4.00000000000,944174.24060400005,236692.62454100000,0.02772,2.25722,-0.37740,-0.50421,1.54157,0.10461,0.17777
4.00000000000,919618.72000700003,197412.21575599999,7.76741,3.05431,-0.28549,1.08702,0.99070,-2.70808,0.54535
4.00000000000,848532.09333499998,296485.54184800002,-1.41067,0.28756,0.59420,0.67404,0.30361,-0.04212,-0.33810
4.00000000000,868904.34026800003,239043.67585800000,-1.48010,0.24259,0.11591,-0.47129,-0.06890,-0.56204,-0.22449
4.00000000000,905327.87114099995,268461.01372599998,0.57058,2.22806,0.40343,0.89575,1.60172,0.54141,0.41596
4.00000000000,913655.68740699999,268018.11551700003,1.05166,-0.14467,-0.41918,1.17668,0.46175,0.05391,0.13185
4.00000000000,864736.58511800005,291095.15011400002,-0.66719,0.00977,-0.05003,0.63171,0.32803,-0.28671,0.12663
4.00000000000,899921.05607299996,237011.40559000001,0.19036,-0.68922,-0.44660,1.75204,-0.16849,0.14840,-0.12077
4.00000000000,944725.66170499998,232869.46752899999,-0.42130,3.23737,-0.66193,-0.57571,-1.00147,-0.06543,0.35620
4.00000000000,889583.08642599999,208159.43948700000,-0.13233,-0.39581,-0.60160,0.09450,-0.05479,1.51183,-0.31696
4.00000000000,904569.28202299995,246918.02652700001,-1.66715,-0.73819,0.31439,1.42809,-0.76321,0.43027,-0.17097
4.00000000000,895018.23008300003,282307.93647399999,-1.27091,-0.08010,-0.47861,1.53981,0.61539,-0.25050,0.08396
4.00000000000,904094.75918699999,260067.15569799999,-2.71638,2.50654,-1.25012,0.48704,0.09114,0.23857,-0.12028
4.00000000000,863360.36082599999,264787.83413199999,-1.45740,0.24239,-0.30196,1.59776,-0.29359,0.61327,-0.32846
4.00000000000,888892.09186499997,218520.93637899999,-0.29081,1.60842,-0.45883,0.29905,-1.54370,0.79916,-0.14791
4.00000000000,904910.83006900002,192923.03026100001,1.59240,-0.27006,-0.46498,0.57449,-0.46824,0.38138,0.32791
4.00000000000,976820.32057099999,286775.82338800002,0.49155,-0.79753,-0.76333,-0.96326,-0.00969,-0.48105,0.96276
4.00000000000,864892.15602300002,208748.78848300001,-0.40141,-0.62904,-0.83664,-0.39600,-0.00327,-0.30433,0.17492
4.00000000000,895155.79271099996,268600.28347999998,-0.76604,0.86169,0.51774,0.50807,0.63445,-0.04834,-0.14102
4.00000000000,925914.45729199995,270416.36952599999,-0.38910,-1.11265,-0.06802,0.60300,-0.33783,-0.85184,0.16775
4.00000000000,897407.26307999995,254465.80814499999,-2.01878,-0.51440,-0.70210,0.75841,0.29405,0.19641,-0.53000
4.00000000000,952046.03562700003,244061.68641800000,-1.39120,1.51976,-0.32553,-0.41821,-0.88769,-0.22117,0.10805
4.00000000000,941322.55238000001,241239.77573100000,-0.49843,-0.24605,-0.52375,1.21931,0.02988,-0.10491,0.10910
4.00000000000,910084.98771200003,250256.55606100001,-1.73068,0.92993,0.38512,0.47215,0.46598,0.56231,-0.06547
4.00000000000,974078.16446799994,227589.97793600001,0.09093,0.30871,-0.40531,-0.26004,0.38009,0.23608,0.21872
4.00000000000,857268.18198999995,241202.99708199999,-1.96417,0.70259,-0.02646,-1.03636,-0.39013,-0.21225,0.17604
4.00000000000,888361.09457700001,213476.02584500000,-0.73214,-1.33863,-1.36480,2.18233,-4.19620,0.56302,0.35279
4.00000000000,871171.44798499998,212499.53828899999,0.56677,0.05534,0.01789,-0.20290,0.66913,-0.28217,0.08575
4.00000000000,912865.78259800002,278670.70695099997,-1.56379,-1.01283,0.65537,0.68618,0.00834,-0.22702,0.15727
4.00000000000,932733.55366300000,245421.93411400000,-1.30339,2.84802,-0.47006,0.03964,1.03974,-0.02570,-0.33080
4.00000000000,922731.71103899996,246522.69492400001,-1.45878,1.15238,-0.22431,0.39651,0.53064,-0.21529,-0.09372
4.00000000000,893085.72196200001,203347.23121599999,0.47341,-0.49714,-0.70917,0.41115,-0.49311,1.23577,0.00200
4.00000000000,941434.47001100006,257811.34718800001,-0.93404,0.72065,-0.58230,-0.87816,0.77145,-0.49931,-0.30347
4.00000000000,896732.54178900004,194569.92418000000,0.34420,0.13963,-0.43702,0.11266,0.07686,0.38870,-0.59692
4.00000000000,892446.27154500003,278986.04670599999,-2.07487,2.32364,-0.46666,0.83947,0.54435,-0.01012,0.03848
4.00000000000,971958.50516700000,295668.79301099997,-0.86935,-0.82026,-0.82487,-0.89306,0.11376,-0.69115,0.24247
4.00000000000,894727.38391300000,256314.73065300001,-2.36068,-0.74887,-0.09662,0.24284,0.02618,-0.11666,-0.86232
4.00000000000,905245.50483400002,249543.18716000000,-1.66255,1.07417,0.43022,1.24067,-0.73970,0.45080,-0.07746
4.00000000000,936299.12203800003,240584.53026100001,-0.52603,-0.10161,-0.37618,1.20082,-0.07366,-0.07511,-0.23692
4.00000000000,933627.27028299996,246768.75456299999,-1.21347,3.03785,-0.07224,-0.34930,1.68329,0.04015,-0.35954
4.00000000000,919435.79490600002,274924.29318799998,-0.32813,-1.19538,0.24726,1.38898,0.04711,-0.72029,0.30921
4.00000000000,934336.43614899996,250429.34695899999,-0.87933,1.06844,-0.01346,0.25936,-1.20840,-0.48620,-0.00564
4.00000000000,903383.02243500005,235705.10296300001,0.06153,0.66533,-0.25811,1.40012,0.18306,0.33145,-0.13745
4.00000000000,894252.78517499997,267979.09617600002,-1.01581,0.13228,0.38395,0.58504,0.18619,-0.02497,-0.18431
4.00000000000,852004.55432400003,254457.23015300001,1.14769,1.59432,1.13620,-1.08526,-0.24835,-0.37766,1.51917
4.00000000000,931545.40778799995,253771.21148400000,-1.07307,2.27985,-0.08435,0.00532,-0.59515,-0.42865,-0.11687
4.00000000000,866071.44895300001,296409.03389600001,-0.65517,0.08228,0.27410,0.83754,0.13746,0.17588,0.10219
4.00000000000,976609.32937599998,291851.71093700000,0.63397,-0.64285,-1.19888,-0.50530,-0.00155,-0.27557,0.18410
4.00000000000,975538.49812700006,293876.11879699997,0.95499,-0.64127,-1.09642,-0.68077,0.09478,-0.46366,0.03803
4.00000000000,881664.00256599998,231453.91203700000,-2.76649,0.33782,0.14783,0.09601,-0.67497,0.60113,-0.46542
4.00000000000,939794.59133199998,237301.44357999999,-0.32891,0.16372,-0.65909,1.28306,0.19655,-0.00291,0.22473
4.00000000000,935633.73289800005,232501.91385800001,-0.81077,-0.73269,-0.88118,1.09837,0.26584,-0.30576,0.24460
4.00000000000,861415.00630699995,278502.53372200002,-2.38863,1.47141,1.38146,0.61408,0.17963,0.73304,-0.01912
4.00000000000,904551.54435500002,267701.63991899998,0.72678,3.24603,0.26130,2.06635,-1.24804,0.21449,0.84444
4.00000000000,938234.31564900000,245100.54569500001,-0.76232,-0.06168,-0.35125,0.76935,0.35186,-0.13179,-0.10750
4.00000000000,895555.23448099999,211076.79392900001,2.52509,5.15489,-0.60788,0.53353,-1.21280,0.33819,1.03533
4.00000000000,888090.66396799998,285369.13500700000,-1.45879,0.70174,0.16861,1.82454,-1.09437,-0.56116,0.18951
4.00000000000,907803.94075499999,281428.94349799998,-0.77757,-0.89049,0.18195,1.13769,0.29417,0.01546,0.27907
4.00000000000,937050.90501500003,229972.65804200000,-2.13940,-0.68452,-1.01024,0.55396,0.13810,-0.46912,0.11017
4.00000000000,857939.88692299998,291438.61482700001,-1.76548,0.41099,1.39935,0.71369,0.09577,0.55826,-0.04202
4.00000000000,929604.09454299998,253810.64223500001,-0.98596,2.43011,0.14220,-0.35865,1.07313,-0.15969,-0.23194
4.00000000000,891500.26843900001,279178.28851200000,-1.96267,2.21195,-0.67679,0.44586,2.20416,0.19389,-0.03043
4.00000000000,931106.78327200003,250414.61044900000,-1.00767,1.89686,0.13317,-0.13907,0.85967,-0.25109,-0.18650
4.00000000000,854630.94432300003,283330.24280700000,-3.50799,1.25558,0.16429,0.49815,-0.19618,0.25206,-0.17427
4.00000000000,892856.30951699999,241037.60893900000,-1.35733,0.08375,-0.29828,0.69627,-0.42979,0.30708,-0.59896
4.00000000000,882689.41035999998,229203.85554200000,-2.36099,-0.76999,-0.06984,0.26982,-0.48683,0.70627,-0.52693
4.00000000000,878415.69218999997,211742.21956000000,0.93471,0.28767,-1.47676,0.04728,-0.05613,-0.26882,0.01732
4.00000000000,896547.86126499996,192910.07235100001,1.38720,-0.20972,0.22182,0.02575,-0.05672,0.07118,-0.50465
4.00000000000,864664.59820000001,264061.08982400002,-1.24422,0.19216,-0.30970,1.14056,0.34976,0.71184,-0.31205
4.00000000000,898796.80724200001,247678.69943800001,-2.17404,-0.32866,-0.81296,2.33936,-1.11668,0.05993,-0.57894
4.00000000000,940160.67893399997,247753.30968700000,-0.81586,-0.53877,-0.04987,0.18067,0.31421,-0.17617,-0.10687
4.00000000000,873666.54976199998,204682.00030900000,0.23414,1.08934,-1.13542,-0.53002,0.05795,0.36439,0.24682
4.00000000000,936863.22701300005,241821.01705299999,-0.51537,-0.13569,-0.39648,1.04368,0.08420,-0.06802,-0.22010
4.00000000000,953071.71319000004,244435.85762299999,-1.44970,1.89623,-0.58200,-0.39168,-0.73279,-0.12235,-0.06135
4.00000000000,903742.47029500001,275877.96927599999,-0.27045,-0.05977,0.43568,1.27742,0.44598,0.09720,0.08567
4.00000000000,876561.48636700003,216412.33722300001,0.19672,-0.09890,-0.66586,-0.16992,0.27079,-0.40711,-0.19564
4.00000000000,898592.23060699995,212967.46585199999,4.09988,2.43636,-0.98615,0.20992,1.30041,-0.41721,1.12825
4.00000000000,914667.16826900002,273016.14591899997,-0.42973,0.32207,-0.00121,0.97248,-0.08891,-0.10049,0.25081
4.00000000000,879687.32321599999,230524.74860900000,-1.65800,-0.92360,0.34838,0.23219,-0.96443,-0.05338,-0.04511
4.00000000000,927563.28785900003,260042.71820000000,-0.97917,-1.46781,-0.42795,0.62046,-0.31634,-0.90759,-0.11176
4.00000000000,919304.94224999996,273860.62634399999,-0.41804,-1.02402,0.17542,1.29341,-0.13794,-0.70308,0.32548
4.00000000000,974998.38683500001,227618.64052600000,0.09093,0.30871,-0.40531,-0.26004,0.38009,0.23608,0.21872
4.00000000000,917662.98974800005,250258.91814200001,-1.52403,0.73203,-0.83071,0.05702,0.19485,-0.17497,0.08761
4.00000000000,906649.72559699998,240523.52646500000,0.65289,-1.20343,0.27954,1.64946,-1.58825,-0.11102,0.37154
4.00000000000,860623.84088899998,268361.38907899999,-0.74277,-0.32283,0.67918,1.31917,-0.67747,0.47439,0.18307
4.00000000000,849285.51783899998,293033.51798300003,-0.57743,-0.50222,1.17196,1.02747,0.52522,0.10258,0.14146
4.00000000000,905630.52101300005,254705.56908399999,-1.47529,0.11307,-0.54116,1.24930,0.05163,0.22770,-0.08558
